{"stats":{"minecraft:mined":{"minecraft:tuff":2,"minecraft:deepslate_diamond_ore":2,"minecraft:crimson_nylium":3,"minecraft:crafting_table":4,"minecraft:torch":2,"minecraft:cave_vines_plant":1,"minecraft:crimson_roots":4,"minecraft:weeping_vines":1,"minecraft:tall_grass":1,"minecraft:cobblestone":2,"minecraft:deepslate_gold_ore":11,"minecraft:crimson_fungus":1,"minecraft:moss_block":4,"minecraft:wall_torch":1,"minecraft:crimson_stem":27,"minecraft:weeping_vines_plant":2,"minecraft:furnace":3,"minecraft:birch_log":12,"minecraft:iron_ore":63,"minecraft:andesite":2,"minecraft:grass":5,"minecraft:coal_ore":29,"minecraft:cave_vines":2,"minecraft:deepslate_iron_ore":20,"minecraft:stone":41,"minecraft:netherrack":2,"minecraft:deepslate":13},"minecraft:dropped":{"minecraft:crimson_nylium":1,"minecraft:obsidian":1,"minecraft:granite":3,"minecraft:flint_and_steel":1,"gravestone:obituary":3},"minecraft:custom":{"minecraft:interact_with_furnace":19,"minecraft:mob_kills":22,"minecraft:interact_with_crafting_table":11,"minecraft:leave_game":2,"minecraft:time_since_death":6147,"minecraft:climb_one_cm":1088,"minecraft:time_since_rest":6175,"minecraft:sprint_one_cm":73463,"minecraft:damage_taken":1216,"minecraft:walk_one_cm":150765,"minecraft:damage_blocked_by_shield":605,"minecraft:drop":7,"minecraft:damage_dealt":4797,"minecraft:swim_one_cm":4399,"minecraft:fly_one_cm":115809,"minecraft:crouch_one_cm":11584,"minecraft:play_time":69807,"minecraft:deaths":1,"minecraft:sneak_time":5005,"minecraft:walk_under_water_one_cm":7325,"minecraft:jump":668,"minecraft:walk_on_water_one_cm":24169,"minecraft:total_world_time":69807,"minecraft:fall_one_cm":16973},"minecraft:crafted":{"minecraft:crimson_planks":8,"minecraft:cooked_porkchop":9,"minecraft:crafting_table":1,"minecraft:wooden_pickaxe":1,"minecraft:iron_helmet":1,"minecraft:iron_sword":1,"minecraft:furnace":2,"minecraft:bucket":1,"minecraft:birch_planks":48,"minecraft:stone_axe":1,"minecraft:air":0,"minecraft:flint_and_steel":1,"minecraft:iron_boots":1,"minecraft:iron_chestplate":1,"minecraft:shield":1,"minecraft:stick":12,"minecraft:iron_ingot":64,"minecraft:iron_pickaxe":1,"minecraft:stone_pickaxe":1,"minecraft:iron_leggings":1},"minecraft:used":{"minecraft:moss_block":4,"minecraft:water_bucket":5,"minecraft:flint_and_steel":4,"minecraft:stone_pickaxe":132,"minecraft:shield":16,"minecraft:wooden_pickaxe":4,"minecraft:iron_sword":75,"minecraft:rotten_flesh":11,"minecraft:netherrack":5,"minecraft:torch":3,"minecraft:glow_berries":56,"minecraft:crafting_table":4,"minecraft:tuff":2,"minecraft:granite":5,"minecraft:obsidian":16,"minecraft:lava_bucket":12,"minecraft:iron_pickaxe":59,"minecraft:crimson_roots":2,"minecraft:crimson_nylium":5,"minecraft:stone_axe":51,"minecraft:cobblestone":25,"minecraft:furnace":3,"minecraft:cooked_porkchop":3,"minecraft:andesite":1,"minecraft:bucket":18,"minecraft:potato":2,"minecraft:cobbled_deepslate":3},"minecraft:broken":{"minecraft:stone_pickaxe":1},"minecraft:killed":{"minecraft:piglin":5,"minecraft:spider":1,"minecraft:hoglin":3,"minecraft:skeleton":1,"minecraft:zombie":11,"minecraft:enderman":1},"minecraft:picked_up":{"minecraft:birch_log":12,"minecraft:crafting_table":4,"minecraft:crimson_stem":26,"minecraft:andesite":1,"minecraft:leather":1,"minecraft:potato":1,"minecraft:flint":1,"minecraft:crimson_fungus":1,"minecraft:tuff":2,"gravestone:obituary":2,"minecraft:bone":2,"minecraft:cobbled_deepslate":13,"minecraft:raw_gold":11,"minecraft:moss_block":4,"minecraft:furnace":3,"minecraft:raw_iron":83,"minecraft:torch":3,"minecraft:gravel":1,"minecraft:porkchop":9,"minecraft:arrow":2,"minecraft:rotten_flesh":11,"minecraft:diamond":2,"minecraft:granite":8,"minecraft:netherrack":5,"minecraft:glow_berries":39,"minecraft:coal":64,"minecraft:crimson_roots":3,"minecraft:cobblestone":43}},"DataVersion":3465}