{"stats":{"minecraft:dropped":{"minecraft:crimson_nylium":1,"minecraft:wheat_seeds":1,"minecraft:granite":3,"minecraft:cracked_polished_blackstone_bricks":1,"gravestone:obituary":7,"minecraft:polished_blackstone_bricks":2,"minecraft:crimson_fungus":1,"minecraft:obsidian":1,"minecraft:rotten_flesh":21,"minecraft:flint_and_steel":1,"minecraft:hay_block":5},"minecraft:broken":{"minecraft:stone_pickaxe":1,"minecraft:shield":1},"minecraft:custom":{"minecraft:mob_kills":57,"minecraft:interact_with_crafting_table":16,"minecraft:leave_game":6,"minecraft:time_since_death":38597,"minecraft:climb_one_cm":1611,"minecraft:sprint_one_cm":285067,"minecraft:walk_one_cm":321939,"minecraft:damage_blocked_by_shield":2310,"minecraft:drop":18,"minecraft:play_time":134160,"minecraft:deaths":5,"minecraft:sneak_time":9143,"minecraft:walk_under_water_one_cm":37092,"minecraft:jump":1728,"minecraft:walk_on_water_one_cm":42510,"minecraft:total_world_time":134160,"minecraft:interact_with_furnace":24,"minecraft:sleep_in_bed":2,"minecraft:time_since_rest":28343,"minecraft:damage_taken":3921,"minecraft:damage_dealt":14910,"minecraft:swim_one_cm":29891,"minecraft:fly_one_cm":319368,"minecraft:open_chest":30,"minecraft:crouch_one_cm":22110,"minecraft:fall_one_cm":41016},"minecraft:picked_up":{"minecraft:crafting_table":4,"minecraft:wheat":6,"minecraft:nether_wart":38,"minecraft:gold_block":16,"gravestone:obituary":2,"minecraft:blackstone":1,"minecraft:shroomlight":2,"minecraft:cobbled_deepslate":13,"minecraft:furnace":3,"minecraft:raw_iron":83,"minecraft:torch":4,"minecraft:porkchop":21,"minecraft:polished_blackstone_bricks":10,"minecraft:golden_axe":1,"minecraft:stone_sword":1,"minecraft:arrow":3,"minecraft:rotten_flesh":33,"minecraft:nether_bricks":6,"minecraft:hay_block":58,"minecraft:blaze_rod":8,"minecraft:glow_berries":39,"minecraft:cobblestone":43,"minecraft:birch_log":12,"minecraft:crimson_stem":26,"minecraft:andesite":1,"minecraft:leather":4,"minecraft:potato":1,"minecraft:flint":2,"minecraft:crimson_fungus":1,"minecraft:tuff":2,"minecraft:nether_wart_block":12,"minecraft:dirt":2,"minecraft:bone":5,"minecraft:wheat_seeds":2,"minecraft:raw_gold":11,"minecraft:iron_ingot":4,"minecraft:moss_block":4,"minecraft:gravel":9,"minecraft:diamond":2,"minecraft:cracked_polished_blackstone_bricks":9,"minecraft:granite":8,"minecraft:netherrack":49,"minecraft:coal":66,"minecraft:crimson_roots":5},"minecraft:killed_by":{"minecraft:iron_golem":2,"minecraft:hoglin":1,"cataclysm:deepling_brute":1},"minecraft:killed":{"minecraft:spider":1,"minecraft:skeleton":2,"minecraft:piglin_brute":4,"minecraft:piglin":9,"minecraft:iron_golem":1,"minecraft:hoglin":8,"minecraft:zombie":11,"minecraft:wither_skeleton":1,"minecraft:blaze":19,"minecraft:enderman":1},"minecraft:crafted":{"minecraft:furnace":2,"minecraft:flint_and_steel":2,"minecraft:iron_boots":1,"minecraft:stone_pickaxe":1,"minecraft:chest":2,"minecraft:wheat":237,"minecraft:crimson_planks":104,"minecraft:cooked_porkchop":9,"minecraft:crafting_table":1,"minecraft:wooden_pickaxe":1,"minecraft:iron_helmet":1,"minecraft:iron_sword":2,"minecraft:gold_block":16,"minecraft:bucket":1,"minecraft:birch_planks":48,"minecraft:stone_axe":1,"minecraft:bread":81,"minecraft:air":0,"minecraft:iron_chestplate":1,"minecraft:shield":1,"minecraft:stick":12,"minecraft:iron_ingot":91,"minecraft:iron_pickaxe":1,"minecraft:iron_block":6,"minecraft:iron_leggings":1,"minecraft:gold_ingot":144},"minecraft:mined":{"minecraft:tuff":2,"minecraft:deepslate_diamond_ore":2,"minecraft:nether_bricks":8,"minecraft:cave_vines_plant":1,"gravestone:gravestone":2,"minecraft:grass_block":2,"minecraft:crimson_roots":6,"minecraft:cracked_polished_blackstone_bricks":9,"minecraft:weeping_vines":1,"minecraft:crimson_fungus":1,"minecraft:moss_block":4,"minecraft:nether_wart":28,"minecraft:crimson_stem":27,"minecraft:hay_block":53,"minecraft:polished_blackstone_bricks":10,"minecraft:weeping_vines_plant":2,"minecraft:furnace":3,"minecraft:iron_ore":63,"minecraft:fire":9,"minecraft:andesite":2,"minecraft:gold_block":16,"minecraft:deepslate_iron_ore":20,"minecraft:cave_vines":2,"minecraft:shroomlight":2,"minecraft:stone":41,"minecraft:blackstone":1,"minecraft:crimson_nylium":8,"minecraft:crafting_table":4,"minecraft:torch":3,"minecraft:tall_grass":3,"minecraft:cobblestone":2,"minecraft:deepslate_gold_ore":11,"minecraft:wall_torch":1,"minecraft:nether_wart_block":13,"minecraft:birch_log":12,"minecraft:grass":14,"minecraft:coal_ore":29,"minecraft:gravel":9,"minecraft:netherrack":44,"minecraft:deepslate":13},"minecraft:used":{"minecraft:moss_block":4,"minecraft:flint_and_steel":6,"minecraft:chest":2,"minecraft:shield":75,"minecraft:iron_sword":237,"minecraft:rotten_flesh":12,"minecraft:netherrack":47,"minecraft:torch":4,"minecraft:dirt":2,"minecraft:nether_bricks":4,"minecraft:tuff":2,"minecraft:granite":5,"minecraft:obsidian":42,"minecraft:shroomlight":1,"minecraft:lava_bucket":12,"minecraft:iron_helmet":1,"minecraft:crimson_roots":5,"minecraft:hay_block":1,"minecraft:furnace":5,"minecraft:potato":2,"minecraft:cobbled_deepslate":3,"minecraft:water_bucket":19,"minecraft:stone_pickaxe":132,"minecraft:wooden_pickaxe":4,"minecraft:polished_blackstone_bricks":8,"minecraft:glow_berries":56,"minecraft:crafting_table":5,"minecraft:apple":1,"minecraft:cracked_polished_blackstone_bricks":2,"minecraft:bread":24,"minecraft:iron_pickaxe":152,"minecraft:gravel":8,"minecraft:crimson_nylium":5,"minecraft:golden_helmet":2,"minecraft:stone_axe":51,"minecraft:nether_wart_block":10,"minecraft:cobblestone":25,"minecraft:cooked_porkchop":9,"minecraft:bucket":18,"minecraft:andesite":1}},"DataVersion":3465}