{"stats":{"minecraft:picked_up":{"minecraft:crafting_table":4,"minecraft:wheat":6,"minecraft:nether_brick_fence":2,"minecraft:nether_wart":38,"minecraft:gold_block":27,"minecraft:crimson_planks":14,"minecraft:shroomlight":6,"minecraft:blackstone":3,"minecraft:cobbled_deepslate":13,"minecraft:furnace":3,"minecraft:raw_iron":83,"minecraft:torch":4,"sophisticatedbackpacks:backpack":1,"minecraft:porkchop":49,"minecraft:polished_blackstone_bricks":18,"minecraft:golden_axe":1,"minecraft:weeping_vines":1,"minecraft:arrow":3,"minecraft:stone_sword":1,"minecraft:rotten_flesh":33,"minecraft:nether_bricks":6,"minecraft:hay_block":58,"minecraft:blaze_rod":10,"minecraft:glow_berries":39,"minecraft:cobblestone":43,"minecraft:birch_log":12,"minecraft:basalt":2,"minecraft:crimson_stem":66,"minecraft:andesite":1,"minecraft:leather":10,"minecraft:potato":1,"minecraft:flint":2,"minecraft:crimson_fungus":1,"minecraft:tuff":2,"minecraft:nether_wart_block":90,"minecraft:dirt":2,"minecraft:leather_boots":1,"minecraft:bone":5,"minecraft:wheat_seeds":2,"minecraft:warped_stem":15,"minecraft:raw_gold":11,"minecraft:iron_ingot":4,"minecraft:moss_block":4,"minecraft:warped_wart_block":2,"minecraft:gravel":9,"minecraft:diamond":2,"minecraft:cracked_polished_blackstone_bricks":13,"minecraft:granite":8,"minecraft:warped_roots":2,"minecraft:warped_nylium":2,"minecraft:netherrack":115,"minecraft:coal":66,"minecraft:crimson_roots":8,"minecraft:ender_pearl":2},"minecraft:dropped":{"minecraft:crimson_nylium":1,"minecraft:wheat_seeds":1,"minecraft:weeping_vines":1,"minecraft:granite":3,"minecraft:cracked_polished_blackstone_bricks":1,"minecraft:crimson_roots":1,"minecraft:polished_blackstone_bricks":2,"minecraft:crimson_fungus":1,"minecraft:obsidian":1,"minecraft:rotten_flesh":21,"minecraft:flint_and_steel":1,"minecraft:hay_block":5},"minecraft:custom":{"minecraft:mob_kills":176,"minecraft:interact_with_crafting_table":21,"minecraft:leave_game":8,"minecraft:time_since_death":47760,"minecraft:climb_one_cm":5772,"minecraft:sprint_one_cm":655677,"minecraft:walk_one_cm":623886,"minecraft:damage_blocked_by_shield":2310,"minecraft:drop":20,"minecraft:damage_dealt_absorbed":120,"minecraft:play_time":258338,"minecraft:deaths":14,"minecraft:sneak_time":30664,"minecraft:walk_under_water_one_cm":42221,"minecraft:jump":4022,"minecraft:walk_on_water_one_cm":44518,"minecraft:total_world_time":258338,"minecraft:interact_with_furnace":28,"minecraft:sleep_in_bed":4,"minecraft:time_since_rest":25100,"minecraft:damage_taken":8978,"minecraft:damage_dealt":25508,"minecraft:swim_one_cm":34640,"minecraft:fly_one_cm":604464,"minecraft:open_chest":46,"minecraft:crouch_one_cm":87440,"minecraft:fall_one_cm":102276},"minecraft:crafted":{"minecraft:furnace":2,"minecraft:flint_and_steel":2,"minecraft:iron_boots":2,"minecraft:iron_axe":1,"minecraft:stone_pickaxe":1,"minecraft:chest":2,"minecraft:wheat":237,"minecraft:crimson_planks":264,"minecraft:cooked_porkchop":9,"minecraft:crafting_table":1,"minecraft:wooden_pickaxe":1,"minecraft:iron_helmet":1,"minecraft:iron_sword":3,"minecraft:gold_block":16,"minecraft:bucket":1,"minecraft:birch_planks":48,"minecraft:stone_axe":1,"minecraft:bread":81,"minecraft:air":0,"minecraft:iron_chestplate":1,"minecraft:shield":1,"minecraft:stick":16,"minecraft:iron_ingot":110,"minecraft:iron_pickaxe":2,"minecraft:iron_block":6,"minecraft:iron_leggings":1,"minecraft:gold_ingot":155},"minecraft:broken":{"minecraft:golden_helmet":1,"minecraft:stone_pickaxe":1,"minecraft:shield":1,"minecraft:stone_axe":1,"minecraft:iron_sword":1,"minecraft:iron_pickaxe":1},"minecraft:mined":{"minecraft:tuff":2,"minecraft:deepslate_diamond_ore":2,"minecraft:cave_vines_plant":1,"minecraft:nether_bricks":8,"minecraft:grass_block":2,"minecraft:crimson_roots":12,"minecraft:cracked_polished_blackstone_bricks":14,"minecraft:weeping_vines":2,"minecraft:crimson_fungus":1,"minecraft:moss_block":4,"minecraft:nether_wart":28,"minecraft:crimson_stem":68,"minecraft:spawner":1,"minecraft:hay_block":53,"minecraft:polished_blackstone_bricks":18,"minecraft:weeping_vines_plant":4,"minecraft:furnace":3,"minecraft:iron_ore":63,"minecraft:fire":19,"minecraft:andesite":2,"minecraft:gold_block":29,"minecraft:nether_brick_fence":2,"minecraft:cave_vines":2,"minecraft:deepslate_iron_ore":20,"minecraft:shroomlight":6,"minecraft:warped_stem":15,"minecraft:stone":41,"minecraft:blackstone":3,"minecraft:crimson_nylium":10,"minecraft:basalt":2,"minecraft:crafting_table":4,"minecraft:torch":3,"minecraft:warped_roots":1,"minecraft:tall_grass":3,"minecraft:cobblestone":2,"minecraft:deepslate_gold_ore":11,"minecraft:wall_torch":1,"minecraft:warped_wart_block":2,"minecraft:warped_nylium":18,"minecraft:nether_wart_block":91,"minecraft:birch_log":12,"minecraft:grass":15,"minecraft:coal_ore":29,"minecraft:gravel":9,"minecraft:crimson_planks":19,"minecraft:netherrack":97,"minecraft:deepslate":13},"minecraft:used":{"minecraft:moss_block":4,"minecraft:stone_sword":16,"minecraft:flint_and_steel":6,"minecraft:chest":2,"minecraft:shield":75,"minecraft:iron_sword":421,"minecraft:rotten_flesh":12,"minecraft:netherrack":115,"minecraft:torch":4,"minecraft:dirt":2,"minecraft:nether_bricks":6,"minecraft:golden_chestplate":1,"minecraft:tuff":2,"minecraft:granite":5,"minecraft:obsidian":42,"minecraft:shroomlight":6,"minecraft:lava_bucket":12,"minecraft:iron_axe":54,"minecraft:iron_helmet":1,"minecraft:crimson_roots":9,"minecraft:crimson_planks":247,"minecraft:basalt":2,"minecraft:diamond_chestplate":2,"minecraft:hay_block":1,"minecraft:furnace":5,"minecraft:gold_block":2,"tombstone:gift":2,"minecraft:potato":2,"minecraft:cobbled_deepslate":3,"minecraft:water_bucket":19,"minecraft:stone_pickaxe":132,"minecraft:blackstone":2,"minecraft:wooden_pickaxe":4,"minecraft:warped_roots":1,"minecraft:polished_blackstone_bricks":16,"minecraft:glow_berries":56,"minecraft:crafting_table":5,"minecraft:apple":1,"minecraft:crying_obsidian":13,"minecraft:cracked_polished_blackstone_bricks":6,"minecraft:bread":69,"minecraft:iron_pickaxe":276,"minecraft:gravel":8,"minecraft:crimson_nylium":5,"minecraft:golden_helmet":2,"minecraft:stone_axe":97,"minecraft:nether_wart_block":90,"minecraft:cobblestone":25,"minecraft:porkchop":32,"minecraft:cooked_porkchop":9,"minecraft:andesite":1,"minecraft:bucket":18},"minecraft:killed_by":{"minecraft:iron_golem":2,"minecraft:piglin":4,"minecraft:hoglin":2,"cataclysm:deepling_brute":1},"minecraft:killed":{"minecraft:spider":1,"minecraft:skeleton":2,"minecraft:piglin_brute":5,"minecraft:magma_cube":81,"minecraft:piglin":22,"minecraft:iron_golem":1,"minecraft:hoglin":16,"minecraft:zombie":11,"minecraft:wither_skeleton":1,"minecraft:enderman":4,"minecraft:blaze":26}},"DataVersion":3465}