{"stats":{"minecraft:broken":{"minecraft:chainmail_helmet":1,"minecraft:chainmail_boots":1,"minecraft:shield":2,"minecraft:iron_sword":1},"minecraft:killed_by":{"minecraft:player":3,"minecraft:vindicator":2,"minecraft:hoglin":2},"minecraft:crafted":{"minecraft:golden_carrot":36,"minecraft:oak_planks":24,"minecraft:diamond":9,"minecraft:diamond_helmet":1,"minecraft:bow":1,"minecraft:diamond_leggings":1,"minecraft:iron_axe":1,"minecraft:spruce_boat":1,"minecraft:dark_oak_planks":8,"minecraft:wheat":360,"minecraft:crimson_planks":100,"minecraft:diamond_sword":7,"minecraft:emerald":2,"minecraft:diamond_axe":1,"minecraft:crafting_table":5,"minecraft:spruce_planks":148,"minecraft:iron_sword":1,"minecraft:bucket":1,"minecraft:birch_planks":40,"minecraft:stone_axe":1,"minecraft:air":0,"minecraft:bread":105,"minecraft:oak_boat":1,"minecraft:white_wool":4,"minecraft:diamond_pickaxe":2,"minecraft:shield":4,"minecraft:stick":24,"minecraft:iron_ingot":20,"minecraft:iron_pickaxe":2,"minecraft:gold_ingot":45,"minecraft:white_bed":1,"minecraft:diamond_chestplate":1},"minecraft:dropped":{"minecraft:water_bucket":1,"minecraft:iron_ingot":3,"minecraft:diamond_axe":1,"minecraft:wheat_seeds":5,"minecraft:lapis_lazuli":27,"minecraft:warped_fungus":2,"minecraft:crossbow":1,"minecraft:weeping_vines":1,"minecraft:cobblestone":3,"minecraft:warped_roots":4,"minecraft:jungle_planks":1,"minecraft:spruce_stairs":1,"minecraft:chainmail_helmet":3,"minecraft:coal":1,"minecraft:stick":1,"minecraft:emerald":9,"artifacts:obsidian_skull":1,"minecraft:polished_blackstone_bricks":3,"artifacts:rooted_boots":2,"minecraft:chainmail_leggings":4,"minecraft:dark_oak_planks":2,"minecraft:string":4,"minecraft:cyan_carpet":74,"minecraft:beetroot_soup":2,"minecraft:bone":9,"minecraft:blackstone":6,"minecraft:blaze_rod":18,"minecraft:tuff":17,"minecraft:obsidian":6,"minecraft:rotten_flesh":1,"universal_graves:grave_compass":4,"minecraft:iron_boots":1,"minecraft:spruce_fence":9,"minecraft:suspicious_stew":8,"minecraft:chainmail_chestplate":2,"minecraft:diamond_sword":2,"minecraft:poppy":4,"minecraft:sea_pickle":1,"artifacts:steadfast_spikes":1,"minecraft:charcoal":2,"minecraft:chainmail_boots":1,"minecraft:spider_eye":6,"minecraft:bow":3,"minecraft:arrow":1,"minecraft:netherrack":132,"minecraft:quartz":1},"minecraft:mined":{"minecraft:dark_oak_planks":15,"minecraft:tuff":22,"minecraft:spruce_planks":14,"minecraft:white_bed":6,"minecraft:deepslate_diamond_ore":15,"minecraft:cyan_stained_glass":1,"minecraft:end_stone":25,"minecraft:obsidian":17,"minecraft:granite":4,"minecraft:stripped_crimson_hyphae":4,"minecraft:purple_terracotta":2,"minecraft:spruce_fence":17,"minecraft:jungle_planks":1,"minecraft:cracked_polished_blackstone_bricks":3,"minecraft:crimson_roots":1,"minecraft:weeping_vines":1,"minecraft:spruce_leaves":12,"minecraft:crimson_stem":25,"minecraft:spawner":31,"minecraft:hay_block":93,"minecraft:polished_blackstone_bricks":1,"minecraft:furnace":1,"minecraft:cobbled_deepslate":10,"minecraft:fire":9,"minecraft:andesite":5,"minecraft:deepslate_lapis_ore":2,"minecraft:gold_block":11,"minecraft:enchanting_table":2,"minecraft:twisting_vines":1,"minecraft:bookshelf":16,"minecraft:warped_stem":5,"minecraft:oak_stairs":1,"minecraft:packed_ice":2,"minecraft:stone":39,"minecraft:tripwire":1,"minecraft:redstone_wall_torch":2,"minecraft:blackstone":1,"minecraft:crimson_nylium":2,"minecraft:smoker":1,"minecraft:crafting_table":15,"minecraft:note_block":2,"minecraft:dark_oak_wood":3,"minecraft:blast_furnace":1,"minecraft:warped_roots":1,"minecraft:campfire":1,"minecraft:tall_grass":5,"minecraft:oak_planks":3,"minecraft:diorite":4,"minecraft:spruce_stairs":8,"minecraft:birch_planks":5,"minecraft:wheat":1,"minecraft:sea_pickle":1,"minecraft:spruce_log":37,"minecraft:birch_leaves":1,"minecraft:grass":9,"minecraft:oak_log":6,"minecraft:gravel":11,"minecraft:cyan_carpet":7,"minecraft:dirt":3,"minecraft:smooth_quartz":67,"minecraft:cobweb":3,"minecraft:cracked_stone_bricks":7,"minecraft:stone_bricks":4,"minecraft:netherrack":1,"minecraft:mossy_stone_bricks":7,"minecraft:oak_leaves":1,"minecraft:deepslate":117,"minecraft:suspicious_gravel":1},"minecraft:picked_up":{"minecraft:charcoal":2,"minecraft:crafting_table":17,"minecraft:suspicious_stew":8,"minecraft:diamond_sword":17,"minecraft:oak_stairs":3,"minecraft:gold_block":6,"minecraft:string":184,"minecraft:flint_and_steel":1,"minecraft:beetroot_soup":1,"universal_graves:grave_compass":2,"minecraft:blackstone":6,"minecraft:experience_bottle":54,"minecraft:cyan_carpet":291,"minecraft:cracked_stone_bricks":4,"minecraft:sea_pickle":1,"minecraft:cobbled_deepslate":124,"bosses_of_mass_destruction:soul_star":8,"minecraft:spruce_planks":9,"minecraft:redstone_torch":1,"minecraft:poppy":4,"minecraft:smooth_quartz":78,"minecraft:spruce_trapdoor":3,"minecraft:furnace":1,"minecraft:iron_boots":1,"minecraft:end_stone":25,"minecraft:stripped_crimson_hyphae":3,"minecraft:stick":11,"travelersbackpack:iron_tier_upgrade":1,"minecraft:spruce_stairs":10,"minecraft:spruce_fence":16,"minecraft:note_block":2,"minecraft:polished_blackstone_bricks":3,"minecraft:diorite":4,"minecraft:purple_terracotta":2,"minecraft:dark_oak_planks":90,"minecraft:weeping_vines":1,"minecraft:rotten_flesh":1,"minecraft:arrow":141,"artifacts:villager_hat":1,"minecraft:hay_block":91,"minecraft:bookshelf":16,"minecraft:blaze_rod":18,"minecraft:obsidian":16,"minecraft:cobblestone":39,"minecraft:enchanting_table":3,"minecraft:water_bucket":1,"minecraft:golden_carrot":55,"minecraft:crimson_stem":22,"minecraft:andesite":5,"minecraft:smoker":1,"minecraft:birch_planks":4,"minecraft:flint":1,"minecraft:tuff":17,"minecraft:oak_log":6,"minecraft:chainmail_chestplate":1,"minecraft:gunpowder":4,"minecraft:wither_skeleton_skull":7,"minecraft:lapis_lazuli":43,"minecraft:dirt":21,"minecraft:bone":323,"minecraft:stone_bricks":2,"minecraft:bow":3,"minecraft:wheat_seeds":5,"minecraft:birch_wood":10,"minecraft:iron_ingot":19,"artifacts:steadfast_spikes":2,"minecraft:iron_sword":1,"minecraft:oak_planks":8,"artifacts:obsidian_skull":1,"minecraft:warped_fungus":2,"minecraft:sweet_berries":5,"artifacts:rooted_boots":2,"minecraft:quartz":1,"minecraft:gravel":8,"minecraft:jungle_planks":1,"minecraft:spruce_sapling":18,"minecraft:blast_furnace":1,"minecraft:white_bed":6,"minecraft:spruce_log":37,"minecraft:spider_eye":83,"minecraft:diamond":15,"minecraft:spruce_boat":3,"minecraft:granite":4,"minecraft:crossbow":1,"minecraft:diamond_axe":1,"minecraft:warped_roots":4,"minecraft:emerald":14,"minecraft:bread":64,"minecraft:chainmail_helmet":1,"minecraft:warped_nylium":4,"minecraft:netherrack":200,"minecraft:crimson_roots":1,"minecraft:dark_oak_wood":2,"minecraft:coal":82,"minecraft:ender_pearl":5},"minecraft:custom":{"minecraft:mob_kills":547,"minecraft:interact_with_anvil":13,"minecraft:interact_with_crafting_table":29,"minecraft:open_barrel":48,"minecraft:damage_dealt_resisted":27479,"minecraft:leave_game":11,"minecraft:time_since_death":7495,"minecraft:climb_one_cm":11840,"minecraft:damage_resisted":4,"minecraft:sprint_one_cm":682141,"minecraft:walk_one_cm":918801,"minecraft:damage_blocked_by_shield":8333,"minecraft:drop":88,"minecraft:play_noteblock":5,"minecraft:talked_to_villager":16,"minecraft:play_time":372744,"minecraft:deaths":13,"minecraft:sneak_time":26198,"minecraft:walk_under_water_one_cm":47731,"minecraft:boat_one_cm":197587,"minecraft:jump":7027,"minecraft:interact_with_blast_furnace":7,"minecraft:walk_on_water_one_cm":72795,"minecraft:enchant_item":6,"minecraft:total_world_time":372744,"minecraft:interact_with_furnace":3,"minecraft:traded_with_villager":16,"minecraft:tune_noteblock":3,"minecraft:interact_with_grindstone":6,"minecraft:sleep_in_bed":9,"minecraft:time_since_rest":7612,"minecraft:damage_taken":19101,"minecraft:damage_dealt":193979,"minecraft:player_kills":1,"minecraft:swim_one_cm":143272,"minecraft:fly_one_cm":2168060,"minecraft:open_chest":133,"minecraft:crouch_one_cm":64918,"minecraft:interact_with_smoker":1,"minecraft:fall_one_cm":115297},"minecraft:killed":{"minecraft:cave_spider":93,"minecraft:spider":127,"minecraft:vindicator":9,"minecraft:skeleton":20,"minecraft:drowned":5,"minecraft:piglin_brute":4,"artifacts:mimic":3,"minecraft:magma_cube":1,"minecraft:piglin":11,"minecraft:iron_golem":1,"minecraft:creeper":1,"minecraft:pillager":11,"minecraft:zombie":4,"minecraft:player":1,"minecraft:wither_skeleton":219,"minecraft:blaze":14,"minecraft:enderman":14},"minecraft:used":{"minecraft:enchanting_table":2,"minecraft:flint_and_steel":16,"minecraft:spruce_planks":45,"minecraft:shield":354,"minecraft:iron_sword":466,"minecraft:netherrack":3,"minecraft:dirt":17,"minecraft:chainmail_chestplate":1,"minecraft:spruce_stairs":5,"minecraft:spruce_fence":3,"minecraft:obsidian":10,"minecraft:spruce_boat":3,"minecraft:dark_oak_planks":50,"minecraft:iron_axe":118,"minecraft:oak_stairs":2,"minecraft:iron_helmet":1,"minecraft:smooth_quartz":56,"minecraft:crimson_roots":1,"minecraft:crimson_planks":87,"minecraft:golden_carrot":44,"minecraft:bow":126,"minecraft:hay_block":4,"minecraft:cobbled_deepslate":67,"minecraft:iron_leggings":1,"minecraft:golden_boots":1,"minecraft:water_bucket":33,"minecraft:diamond_boots":1,"minecraft:birch_planks":32,"minecraft:oak_planks":1,"minecraft:chainmail_helmet":1,"minecraft:diamond_axe":122,"minecraft:crafting_table":19,"minecraft:white_bed":6,"minecraft:purple_terracotta":2,"minecraft:end_stone":4,"minecraft:diamond_pickaxe":206,"minecraft:string":1,"minecraft:bread":248,"minecraft:iron_pickaxe":209,"minecraft:cyan_carpet":1,"minecraft:gravel":6,"minecraft:spruce_sapling":18,"minecraft:stone_axe":63,"minecraft:diamond_sword":2196,"travelersbackpack:standard":5,"minecraft:bucket":33,"minecraft:oak_boat":1,"minecraft:experience_bottle":79}},"DataVersion":3465}