{"stats":{"minecraft:picked_up":{"minecraft:crafting_table":4,"minecraft:wheat":6,"minecraft:nether_wart":38,"minecraft:gold_block":27,"minecraft:crimson_planks":6,"minecraft:shroomlight":6,"minecraft:blackstone":3,"minecraft:cobbled_deepslate":13,"minecraft:furnace":3,"minecraft:raw_iron":83,"minecraft:torch":4,"minecraft:porkchop":41,"minecraft:polished_blackstone_bricks":18,"minecraft:golden_axe":1,"minecraft:weeping_vines":1,"minecraft:arrow":3,"minecraft:stone_sword":1,"minecraft:rotten_flesh":33,"minecraft:nether_bricks":6,"minecraft:hay_block":58,"minecraft:blaze_rod":10,"minecraft:glow_berries":39,"minecraft:cobblestone":43,"minecraft:birch_log":12,"minecraft:basalt":2,"minecraft:crimson_stem":42,"minecraft:andesite":1,"minecraft:leather":9,"minecraft:potato":1,"minecraft:flint":2,"minecraft:crimson_fungus":1,"minecraft:tuff":2,"minecraft:nether_wart_block":87,"minecraft:dirt":2,"minecraft:bone":5,"minecraft:wheat_seeds":2,"minecraft:raw_gold":11,"minecraft:iron_ingot":4,"minecraft:moss_block":4,"minecraft:gravel":9,"minecraft:diamond":2,"minecraft:cracked_polished_blackstone_bricks":13,"minecraft:granite":8,"minecraft:netherrack":81,"minecraft:coal":66,"minecraft:crimson_roots":6},"minecraft:broken":{"minecraft:golden_helmet":1,"minecraft:stone_pickaxe":1,"minecraft:shield":1,"minecraft:stone_axe":1,"minecraft:iron_sword":1,"minecraft:iron_pickaxe":1},"minecraft:crafted":{"minecraft:furnace":2,"minecraft:flint_and_steel":2,"minecraft:iron_boots":1,"minecraft:stone_pickaxe":1,"minecraft:chest":2,"minecraft:wheat":237,"minecraft:crimson_planks":168,"minecraft:cooked_porkchop":9,"minecraft:crafting_table":1,"minecraft:wooden_pickaxe":1,"minecraft:iron_helmet":1,"minecraft:iron_sword":2,"minecraft:gold_block":16,"minecraft:bucket":1,"minecraft:birch_planks":48,"minecraft:stone_axe":1,"minecraft:bread":81,"minecraft:air":0,"minecraft:iron_chestplate":1,"minecraft:shield":1,"minecraft:stick":12,"minecraft:iron_ingot":91,"minecraft:iron_pickaxe":1,"minecraft:iron_block":6,"minecraft:iron_leggings":1,"minecraft:gold_ingot":144},"minecraft:used":{"minecraft:moss_block":4,"minecraft:flint_and_steel":6,"minecraft:chest":2,"minecraft:shield":75,"minecraft:iron_sword":409,"minecraft:rotten_flesh":12,"minecraft:netherrack":81,"minecraft:torch":4,"minecraft:dirt":2,"minecraft:nether_bricks":6,"minecraft:tuff":2,"minecraft:granite":5,"minecraft:obsidian":42,"minecraft:shroomlight":6,"minecraft:lava_bucket":12,"minecraft:iron_helmet":1,"minecraft:crimson_roots":8,"minecraft:crimson_planks":92,"minecraft:diamond_chestplate":1,"minecraft:basalt":2,"minecraft:hay_block":1,"minecraft:furnace":5,"tombstone:gift":2,"minecraft:potato":2,"minecraft:cobbled_deepslate":3,"minecraft:water_bucket":19,"minecraft:stone_pickaxe":132,"minecraft:blackstone":2,"minecraft:wooden_pickaxe":4,"minecraft:polished_blackstone_bricks":16,"minecraft:glow_berries":56,"minecraft:crafting_table":5,"minecraft:apple":1,"minecraft:crying_obsidian":13,"minecraft:cracked_polished_blackstone_bricks":6,"minecraft:bread":62,"minecraft:iron_pickaxe":237,"minecraft:gravel":8,"minecraft:crimson_nylium":5,"minecraft:golden_helmet":2,"minecraft:stone_axe":97,"minecraft:nether_wart_block":87,"minecraft:cobblestone":25,"minecraft:porkchop":10,"minecraft:cooked_porkchop":9,"minecraft:bucket":18,"minecraft:andesite":1},"minecraft:mined":{"minecraft:tuff":2,"minecraft:deepslate_diamond_ore":2,"minecraft:cave_vines_plant":1,"minecraft:nether_bricks":8,"minecraft:grass_block":2,"minecraft:crimson_roots":11,"minecraft:cracked_polished_blackstone_bricks":14,"minecraft:weeping_vines":2,"minecraft:crimson_fungus":1,"minecraft:moss_block":4,"minecraft:nether_wart":28,"minecraft:spawner":1,"minecraft:crimson_stem":43,"minecraft:hay_block":53,"minecraft:polished_blackstone_bricks":18,"minecraft:weeping_vines_plant":4,"minecraft:furnace":3,"minecraft:iron_ore":63,"minecraft:fire":19,"minecraft:andesite":2,"minecraft:gold_block":29,"minecraft:cave_vines":2,"minecraft:deepslate_iron_ore":20,"minecraft:shroomlight":6,"minecraft:stone":41,"minecraft:blackstone":3,"minecraft:crimson_nylium":10,"minecraft:basalt":2,"minecraft:crafting_table":4,"minecraft:torch":3,"minecraft:tall_grass":3,"minecraft:cobblestone":2,"minecraft:deepslate_gold_ore":11,"minecraft:wall_torch":1,"minecraft:nether_wart_block":88,"minecraft:birch_log":12,"minecraft:grass":14,"minecraft:coal_ore":29,"minecraft:gravel":9,"minecraft:crimson_planks":7,"minecraft:netherrack":79,"minecraft:deepslate":13},"minecraft:dropped":{"minecraft:crimson_nylium":1,"minecraft:wheat_seeds":1,"minecraft:weeping_vines":1,"minecraft:granite":3,"minecraft:cracked_polished_blackstone_bricks":1,"minecraft:polished_blackstone_bricks":2,"minecraft:crimson_fungus":1,"minecraft:obsidian":1,"minecraft:rotten_flesh":21,"minecraft:flint_and_steel":1,"minecraft:hay_block":5},"minecraft:custom":{"minecraft:mob_kills":167,"minecraft:interact_with_crafting_table":18,"minecraft:leave_game":7,"minecraft:time_since_death":11933,"minecraft:climb_one_cm":5354,"minecraft:sprint_one_cm":553805,"minecraft:walk_one_cm":533562,"minecraft:damage_blocked_by_shield":2310,"minecraft:drop":19,"minecraft:damage_dealt_absorbed":120,"minecraft:play_time":222511,"minecraft:deaths":14,"minecraft:sneak_time":23605,"minecraft:walk_under_water_one_cm":42149,"minecraft:jump":3388,"minecraft:walk_on_water_one_cm":44033,"minecraft:total_world_time":222511,"minecraft:interact_with_furnace":26,"minecraft:sleep_in_bed":3,"minecraft:time_since_rest":9534,"minecraft:damage_taken":8285,"minecraft:damage_dealt":23055,"minecraft:swim_one_cm":34640,"minecraft:fly_one_cm":520882,"minecraft:open_chest":41,"minecraft:crouch_one_cm":62004,"minecraft:fall_one_cm":85109},"minecraft:killed_by":{"minecraft:iron_golem":2,"minecraft:piglin":4,"minecraft:hoglin":2,"cataclysm:deepling_brute":1},"minecraft:killed":{"minecraft:spider":1,"minecraft:skeleton":2,"minecraft:piglin_brute":5,"minecraft:magma_cube":81,"minecraft:piglin":18,"minecraft:iron_golem":1,"minecraft:hoglin":14,"minecraft:zombie":11,"minecraft:wither_skeleton":1,"minecraft:blaze":26,"minecraft:enderman":1}},"DataVersion":3465}