{"stats":{"minecraft:mined":{"minecraft:birch_log":12,"minecraft:iron_ore":58,"minecraft:andesite":2,"minecraft:crafting_table":1,"minecraft:torch":1,"minecraft:grass":4,"minecraft:coal_ore":29,"minecraft:deepslate_iron_ore":2,"minecraft:stone":41,"minecraft:wall_torch":1},"minecraft:custom":{"minecraft:time_since_rest":33807,"minecraft:sprint_one_cm":27897,"minecraft:damage_taken":190,"minecraft:walk_one_cm":63930,"minecraft:mob_kills":2,"minecraft:damage_dealt":374,"minecraft:interact_with_crafting_table":4,"minecraft:swim_one_cm":4399,"minecraft:fly_one_cm":23518,"minecraft:crouch_one_cm":4096,"minecraft:play_time":33807,"minecraft:sneak_time":2125,"minecraft:walk_under_water_one_cm":1297,"minecraft:jump":235,"minecraft:leave_game":2,"minecraft:time_since_death":33807,"minecraft:walk_on_water_one_cm":1152,"minecraft:climb_one_cm":230,"minecraft:total_world_time":33807,"minecraft:fall_one_cm":4266},"minecraft:crafted":{"minecraft:crafting_table":1,"minecraft:stick":12,"minecraft:wooden_pickaxe":1,"minecraft:stone_pickaxe":1,"minecraft:birch_planks":48,"minecraft:stone_axe":1},"minecraft:used":{"minecraft:stone_pickaxe":129,"minecraft:wooden_pickaxe":4,"minecraft:rotten_flesh":1,"minecraft:stone_axe":5,"minecraft:torch":2,"minecraft:glow_berries":1,"minecraft:cobblestone":16,"minecraft:crafting_table":1,"minecraft:andesite":1,"minecraft:potato":2},"minecraft:killed":{"minecraft:zombie":2},"minecraft:picked_up":{"minecraft:birch_log":12,"minecraft:crafting_table":1,"minecraft:raw_iron":60,"minecraft:andesite":1,"minecraft:torch":2,"minecraft:potato":1,"minecraft:rotten_flesh":1,"minecraft:granite":8,"minecraft:glow_berries":1,"minecraft:coal":28,"minecraft:cobblestone":41}},"DataVersion":3465}