{"stats":{"minecraft:broken":{"minecraft:iron_sword":1},"minecraft:crafted":{"minecraft:crimson_planks":12,"minecraft:diamond_sword":5,"minecraft:crafting_table":1,"minecraft:spruce_planks":148,"minecraft:iron_sword":1,"minecraft:stone_axe":1,"minecraft:bread":93,"minecraft:white_wool":4,"minecraft:bow":1,"minecraft:shield":2,"minecraft:iron_axe":1,"minecraft:stick":16,"minecraft:iron_pickaxe":2,"minecraft:gold_ingot":9,"minecraft:white_bed":1,"minecraft:spruce_boat":1,"minecraft:dark_oak_planks":8,"minecraft:wheat":360},"minecraft:killed_by":{"minecraft:vindicator":2},"minecraft:dropped":{"minecraft:iron_ingot":3,"minecraft:cobblestone":3,"minecraft:jungle_planks":1,"minecraft:spruce_fence":2,"minecraft:sea_pickle":1,"minecraft:spider_eye":5,"minecraft:arrow":1,"minecraft:string":3,"minecraft:dark_oak_planks":2,"minecraft:beetroot_soup":2},"minecraft:mined":{"minecraft:dark_oak_planks":7,"minecraft:spruce_planks":14,"minecraft:white_bed":5,"minecraft:cyan_stained_glass":1,"minecraft:crafting_table":9,"minecraft:stripped_crimson_hyphae":4,"minecraft:dark_oak_wood":2,"minecraft:purple_terracotta":2,"minecraft:spruce_fence":4,"minecraft:jungle_planks":1,"minecraft:spruce_leaves":12,"minecraft:oak_planks":1,"minecraft:spawner":9,"minecraft:hay_block":41,"minecraft:spruce_stairs":8,"minecraft:furnace":1,"minecraft:sea_pickle":1,"minecraft:fire":5,"minecraft:spruce_log":37,"minecraft:gold_block":1,"minecraft:grass":1,"minecraft:oak_stairs":1,"minecraft:gravel":2,"minecraft:cyan_carpet":5,"minecraft:smooth_quartz":34,"minecraft:packed_ice":1,"minecraft:cobweb":2,"minecraft:cracked_stone_bricks":3,"minecraft:stone":6,"minecraft:stone_bricks":2,"minecraft:mossy_stone_bricks":6,"minecraft:redstone_wall_torch":2,"minecraft:tripwire":1,"minecraft:suspicious_gravel":1},"minecraft:picked_up":{"minecraft:enchanting_table":1,"minecraft:crafting_table":11,"minecraft:diamond_sword":7,"minecraft:oak_stairs":3,"minecraft:gold_block":1,"minecraft:chainmail_chestplate":1,"minecraft:wither_skeleton_skull":3,"minecraft:string":84,"minecraft:beetroot_soup":1,"minecraft:bone":65,"minecraft:cyan_carpet":106,"minecraft:sea_pickle":1,"bosses_of_mass_destruction:soul_star":3,"minecraft:spruce_planks":9,"minecraft:iron_ingot":16,"minecraft:redstone_torch":1,"minecraft:smooth_quartz":33,"minecraft:iron_sword":1,"minecraft:oak_planks":6,"minecraft:furnace":1,"minecraft:stripped_crimson_hyphae":3,"minecraft:stick":11,"minecraft:spruce_stairs":10,"travelersbackpack:iron_tier_upgrade":1,"minecraft:spruce_fence":6,"minecraft:jungle_planks":1,"minecraft:spruce_sapling":18,"minecraft:white_bed":5,"minecraft:spruce_log":37,"minecraft:spider_eye":36,"minecraft:purple_terracotta":2,"minecraft:dark_oak_planks":27,"minecraft:arrow":25,"minecraft:spruce_boat":1,"minecraft:hay_block":40,"minecraft:bread":64,"minecraft:emerald":5,"minecraft:dark_oak_wood":2,"minecraft:coal":18,"minecraft:cobblestone":6},"minecraft:custom":{"minecraft:mob_kills":156,"minecraft:interact_with_crafting_table":16,"minecraft:tune_noteblock":2,"minecraft:open_barrel":26,"minecraft:damage_dealt_resisted":6383,"minecraft:leave_game":6,"minecraft:time_since_death":86235,"minecraft:sleep_in_bed":5,"minecraft:climb_one_cm":3750,"minecraft:damage_resisted":4,"minecraft:time_since_rest":62541,"minecraft:sprint_one_cm":218366,"minecraft:damage_taken":4146,"minecraft:walk_one_cm":247800,"minecraft:damage_blocked_by_shield":2274,"minecraft:drop":16,"minecraft:damage_dealt":60439,"minecraft:play_noteblock":2,"minecraft:swim_one_cm":126045,"minecraft:fly_one_cm":421071,"minecraft:open_chest":49,"minecraft:crouch_one_cm":14525,"minecraft:play_time":119492,"minecraft:sneak_time":7241,"minecraft:deaths":2,"minecraft:walk_under_water_one_cm":31848,"minecraft:boat_one_cm":38269,"minecraft:jump":2168,"minecraft:walk_on_water_one_cm":49681,"minecraft:total_world_time":119492,"minecraft:fall_one_cm":23492},"minecraft:killed":{"minecraft:cave_spider":28,"minecraft:spider":48,"minecraft:vindicator":9,"minecraft:skeleton":2,"minecraft:pillager":11,"minecraft:zombie":1,"minecraft:drowned":4,"minecraft:wither_skeleton":52},"minecraft:used":{"minecraft:flint_and_steel":15,"minecraft:oak_planks":1,"minecraft:spruce_planks":44,"minecraft:shield":192,"minecraft:iron_sword":466,"minecraft:chainmail_helmet":1,"minecraft:crafting_table":11,"minecraft:chainmail_chestplate":1,"minecraft:spruce_stairs":5,"minecraft:white_bed":5,"minecraft:purple_terracotta":2,"minecraft:spruce_boat":1,"minecraft:dark_oak_planks":23,"minecraft:string":1,"minecraft:iron_axe":80,"minecraft:oak_stairs":2,"minecraft:bread":81,"minecraft:iron_pickaxe":71,"minecraft:cyan_carpet":1,"minecraft:iron_helmet":1,"minecraft:smooth_quartz":8,"minecraft:spruce_sapling":18,"minecraft:stone_axe":63,"minecraft:diamond_sword":408,"travelersbackpack:standard":1,"minecraft:iron_leggings":1}},"DataVersion":3465}