{"stats":{"minecraft:mined":{"minecraft:grass":4,"minecraft:birch_log":12,"minecraft:stone":18,"minecraft:torch":1},"minecraft:custom":{"minecraft:time_since_rest":21807,"minecraft:crouch_one_cm":744,"minecraft:sprint_one_cm":17945,"minecraft:play_time":21807,"minecraft:damage_taken":160,"minecraft:walk_one_cm":27953,"minecraft:sneak_time":332,"minecraft:walk_under_water_one_cm":1297,"minecraft:mob_kills":1,"minecraft:jump":106,"minecraft:damage_dealt":127,"minecraft:leave_game":2,"minecraft:walk_on_water_one_cm":1152,"minecraft:time_since_death":21807,"minecraft:total_world_time":21807,"minecraft:swim_one_cm":4399,"minecraft:interact_with_crafting_table":4,"minecraft:fall_one_cm":2997,"minecraft:fly_one_cm":19625},"minecraft:crafted":{"minecraft:birch_planks":48,"minecraft:stone_axe":1,"minecraft:crafting_table":1,"minecraft:stick":12,"minecraft:stone_pickaxe":1,"minecraft:wooden_pickaxe":1},"minecraft:used":{"minecraft:rotten_flesh":1,"minecraft:torch":2,"minecraft:crafting_table":1,"minecraft:stone_pickaxe":14,"minecraft:wooden_pickaxe":4},"minecraft:killed":{"minecraft:zombie":1},"minecraft:picked_up":{"minecraft:birch_log":12,"minecraft:rotten_flesh":1,"minecraft:torch":1,"minecraft:cobblestone":18}},"DataVersion":3465}