{"stats":{"minecraft:crafted":{"minecraft:oak_planks":1304,"minecraft:blaze_powder":2,"minecraft:shulker_box":2,"minecraft:suspicious_stew":12,"minecraft:hopper":2,"minecraft:diamond_leggings":1,"minecraft:diamond_helmet":2,"minecraft:bow":2,"minecraft:chest":7,"minecraft:ender_eye":1,"minecraft:arrow":192,"minecraft:emerald":37,"minecraft:diamond_axe":1,"minecraft:crafting_table":5,"minecraft:spruce_planks":148,"minecraft:birch_planks":40,"minecraft:apple":32,"minecraft:diamond_pickaxe":2,"minecraft:shield":5,"minecraft:stick":32,"minecraft:iron_ingot":131,"minecraft:iron_pickaxe":2,"minecraft:iron_block":3,"minecraft:gold_ingot":45,"minecraft:golden_carrot":144,"minecraft:cookie":324,"minecraft:oak_trapdoor":138,"minecraft:flint_and_steel":1,"minecraft:diamond":9,"minecraft:iron_axe":1,"minecraft:spruce_boat":1,"minecraft:dark_oak_planks":8,"minecraft:wheat":842,"minecraft:crimson_planks":100,"minecraft:diamond_sword":8,"minecraft:iron_sword":1,"minecraft:bucket":1,"minecraft:stone_axe":1,"minecraft:bread":105,"minecraft:air":0,"minecraft:oak_boat":1,"minecraft:white_wool":4,"minecraft:anvil":1,"minecraft:white_bed":1,"minecraft:pumpkin_pie":48,"minecraft:diamond_chestplate":1},"minecraft:mined":{"minecraft:dark_oak_planks":15,"minecraft:dragon_wall_head":1,"minecraft:spruce_planks":14,"minecraft:white_bed":7,"minecraft:obsidian":17,"minecraft:granite":10,"minecraft:stripped_crimson_hyphae":4,"minecraft:grass_block":1,"minecraft:cracked_polished_blackstone_bricks":3,"minecraft:polished_blackstone_brick_slab":5,"minecraft:spawner":32,"minecraft:polished_blackstone_bricks":1,"minecraft:iron_ore":105,"minecraft:cobbled_deepslate":10,"minecraft:fire":10,"minecraft:deepslate_lapis_ore":6,"minecraft:anvil":6,"minecraft:enchanting_table":2,"minecraft:twisting_vines":1,"minecraft:dirt_path":14,"minecraft:oak_stairs":3,"minecraft:end_stone_bricks":1,"minecraft:tripwire":1,"minecraft:blackstone":1,"minecraft:smoker":1,"minecraft:crimson_nylium":2,"minecraft:note_block":2,"minecraft:dark_oak_wood":3,"minecraft:blast_furnace":1,"minecraft:cobblestone":1,"minecraft:sugar_cane":20,"minecraft:oak_planks":19,"minecraft:wheat":1,"minecraft:purpur_block":5,"minecraft:grass":23,"minecraft:oak_log":521,"minecraft:dirt":5,"minecraft:smooth_quartz":67,"minecraft:netherrack":8,"minecraft:oak_leaves":5,"minecraft:deepslate":486,"minecraft:suspicious_gravel":1,"minecraft:diamond_ore":2,"minecraft:tuff":38,"minecraft:deepslate_diamond_ore":30,"minecraft:cyan_stained_glass":1,"minecraft:shulker_box":4,"minecraft:end_stone":194,"minecraft:purple_terracotta":2,"minecraft:spruce_fence":17,"minecraft:jungle_planks":1,"minecraft:crimson_roots":1,"minecraft:weeping_vines":1,"minecraft:spruce_leaves":12,"minecraft:crimson_stem":25,"minecraft:hay_block":101,"minecraft:oak_trapdoor":7,"minecraft:furnace":1,"minecraft:andesite":21,"minecraft:gold_block":11,"minecraft:bookshelf":36,"minecraft:deepslate_iron_ore":22,"minecraft:warped_stem":5,"minecraft:packed_ice":2,"minecraft:stone":189,"minecraft:redstone_wall_torch":2,"minecraft:oak_slab":7,"minecraft:glass_pane":1,"minecraft:magenta_stained_glass":1,"bosses_of_mass_destruction:obsidilith_rune":12,"travelersbackpack:standard":1,"minecraft:crafting_table":15,"minecraft:warped_roots":1,"minecraft:campfire":1,"minecraft:tall_grass":7,"minecraft:deepslate_gold_ore":14,"minecraft:lapis_ore":15,"minecraft:diorite":15,"minecraft:spruce_stairs":8,"minecraft:birch_planks":5,"minecraft:sea_pickle":1,"minecraft:ice":1,"minecraft:spruce_log":37,"minecraft:birch_leaves":1,"minecraft:yellow_bed":1,"minecraft:coal_ore":27,"minecraft:dripstone_block":2,"minecraft:gravel":41,"minecraft:cyan_carpet":7,"minecraft:cobweb":6,"minecraft:cracked_stone_bricks":7,"minecraft:stone_bricks":5,"minecraft:mossy_stone_bricks":7},"minecraft:broken":{"minecraft:diamond_helmet":1,"minecraft:chainmail_boots":1,"minecraft:iron_sword":1,"minecraft:chainmail_helmet":1,"minecraft:shield":3},"minecraft:custom":{"minecraft:interact_with_crafting_table":52,"minecraft:open_barrel":55,"minecraft:open_shulker_box":12,"minecraft:leave_game":18,"minecraft:time_since_death":134909,"minecraft:damage_resisted":4,"minecraft:sprint_one_cm":1107000,"minecraft:damage_blocked_by_shield":10666,"minecraft:drop":171,"minecraft:play_noteblock":5,"minecraft:talked_to_villager":42,"minecraft:play_time":607731,"minecraft:deaths":19,"minecraft:jump":10796,"minecraft:walk_on_water_one_cm":115797,"minecraft:enchant_item":11,"minecraft:interact_with_furnace":7,"minecraft:traded_with_villager":149,"minecraft:sleep_in_bed":12,"minecraft:damage_dealt":219751,"minecraft:player_kills":7,"minecraft:crouch_one_cm":143020,"minecraft:interact_with_smoker":1,"minecraft:mob_kills":643,"minecraft:interact_with_anvil":19,"minecraft:damage_dealt_resisted":27479,"minecraft:climb_one_cm":12212,"minecraft:walk_one_cm":1559368,"minecraft:sneak_time":45068,"minecraft:walk_under_water_one_cm":103808,"minecraft:boat_one_cm":197587,"minecraft:interact_with_blast_furnace":19,"minecraft:total_world_time":607731,"minecraft:tune_noteblock":3,"minecraft:interact_with_grindstone":10,"minecraft:time_since_rest":25224,"minecraft:damage_taken":28835,"minecraft:swim_one_cm":187178,"minecraft:fly_one_cm":3909696,"minecraft:open_chest":218,"minecraft:aviate_one_cm":47502,"minecraft:fall_one_cm":222367},"minecraft:killed":{"minecraft:cave_spider":95,"minecraft:witch":1,"minecraft:spider":130,"minecraft:shulker":11,"bosses_of_mass_destruction:obsidilith":1,"minecraft:skeleton":40,"minecraft:piglin_brute":4,"artifacts:mimic":5,"minecraft:magma_cube":1,"minecraft:piglin":11,"minecraft:zombie_villager":1,"minecraft:iron_golem":1,"minecraft:creeper":13,"minecraft:pillager":11,"minecraft:zombie":34,"minecraft:stray":1,"minecraft:blaze":14,"minecraft:vindicator":9,"minecraft:drowned":5,"minecraft:wither_skeleton":219,"minecraft:player":6,"minecraft:enderman":24},"minecraft:picked_up":{"minecraft:shulker_shell":5,"minecraft:wheat":4,"minecraft:anvil":6,"minecraft:suspicious_stew":14,"minecraft:diamond_sword":18,"minecraft:oak_stairs":6,"minecraft:string":188,"minecraft:beetroot_soup":1,"universal_graves:grave_compass":2,"minecraft:experience_bottle":54,"minecraft:sea_pickle":1,"minecraft:cobbled_deepslate":313,"bosses_of_mass_destruction:soul_star":10,"minecraft:spruce_planks":9,"minecraft:redstone_torch":1,"minecraft:smooth_quartz":78,"minecraft:furnace":1,"minecraft:iron_boots":1,"minecraft:polished_blackstone_brick_slab":5,"minecraft:stick":73,"minecraft:torch":24,"minecraft:spruce_stairs":10,"travelersbackpack:iron_tier_upgrade":1,"minecraft:diorite":15,"minecraft:rotten_flesh":16,"artifacts:villager_hat":1,"minecraft:bookshelf":35,"minecraft:blaze_rod":18,"minecraft:obsidian":16,"minecraft:cobblestone":188,"minecraft:enchanting_table":3,"minecraft:water_bucket":2,"minecraft:andesite":20,"minecraft:smoker":1,"minecraft:flint":2,"minecraft:tuff":25,"artifacts:flame_pendant":1,"minecraft:wither_skeleton_skull":7,"artifacts:pickaxe_heater":1,"minecraft:lapis_lazuli":296,"minecraft:dirt":38,"minecraft:bone":331,"minecraft:bow":3,"minecraft:wheat_seeds":9,"minecraft:birch_wood":10,"minecraft:oak_planks":24,"artifacts:rooted_boots":2,"minecraft:jungle_planks":1,"minecraft:shulker_box":4,"artifacts:plastic_drinking_hat":1,"minecraft:diamond":56,"minecraft:spruce_boat":3,"minecraft:crossbow":1,"minecraft:granite":10,"minecraft:emerald":114,"minecraft:chainmail_helmet":1,"minecraft:bread":64,"minecraft:oak_sapling":13,"minecraft:netherrack":207,"minecraft:diamond_pickaxe":1,"minecraft:oak_leaves":2,"minecraft:crimson_roots":1,"minecraft:end_stone_bricks":1,"minecraft:charcoal":2,"minecraft:crafting_table":17,"minecraft:gold_block":6,"minecraft:dragon_head":1,"minecraft:purpur_block":7,"minecraft:oak_trapdoor":6,"minecraft:elytra":1,"minecraft:flint_and_steel":1,"minecraft:blackstone":6,"minecraft:cyan_carpet":291,"minecraft:cracked_stone_bricks":4,"minecraft:detector_rail":4,"minecraft:poppy":4,"minecraft:sugar_cane":40,"minecraft:spruce_trapdoor":3,"minecraft:stripped_crimson_hyphae":3,"minecraft:raw_iron":183,"minecraft:end_stone":194,"minecraft:spruce_fence":16,"minecraft:note_block":2,"minecraft:polished_blackstone_bricks":3,"minecraft:cookie":422,"minecraft:purple_terracotta":2,"minecraft:dark_oak_planks":90,"minecraft:weeping_vines":1,"minecraft:arrow":156,"minecraft:hay_block":101,"minecraft:gold_ingot":26,"minecraft:rail":1,"minecraft:golden_carrot":55,"minecraft:crimson_stem":22,"minecraft:birch_planks":4,"minecraft:oak_log":578,"minecraft:chainmail_chestplate":1,"minecraft:yellow_bed":1,"minecraft:gunpowder":8,"minecraft:stone_bricks":2,"minecraft:iron_ingot":155,"artifacts:steadfast_spikes":2,"minecraft:iron_sword":1,"minecraft:oak_slab":140,"artifacts:obsidian_skull":1,"minecraft:warped_fungus":2,"minecraft:sweet_berries":5,"minecraft:quartz":1,"minecraft:gravel":37,"minecraft:spruce_sapling":18,"minecraft:blast_furnace":1,"minecraft:white_bed":6,"minecraft:spruce_log":37,"minecraft:dragon_egg":1,"minecraft:spider_eye":84,"travelersbackpack:standard":1,"minecraft:pumpkin_seeds":3,"minecraft:diamond_axe":1,"minecraft:warped_roots":4,"minecraft:warped_nylium":4,"minecraft:dark_oak_wood":2,"minecraft:coal":143,"minecraft:ender_pearl":10},"minecraft:dropped":{"minecraft:diamond_axe":1,"minecraft:lapis_lazuli":85,"minecraft:warped_fungus":2,"minecraft:crossbow":1,"minecraft:weeping_vines":1,"minecraft:cookie":752,"minecraft:warped_roots":4,"minecraft:jungle_planks":1,"minecraft:emerald":9,"minecraft:dirt":2,"minecraft:pumpkin_pie":48,"minecraft:polished_blackstone_bricks":3,"minecraft:iron_pickaxe":1,"minecraft:dark_oak_planks":2,"minecraft:cyan_carpet":74,"minecraft:bone":15,"minecraft:gravel":1,"minecraft:purpur_block":3,"minecraft:blackstone":6,"minecraft:detector_rail":4,"minecraft:cobbled_deepslate":16,"minecraft:wheat":30,"minecraft:obsidian":6,"minecraft:rotten_flesh":11,"universal_graves:grave_compass":7,"minecraft:oak_planks":1,"minecraft:end_stone":21,"minecraft:chainmail_chestplate":2,"minecraft:poppy":4,"minecraft:charcoal":2,"minecraft:hopper":2,"minecraft:chainmail_boots":1,"minecraft:arrow":3,"minecraft:quartz":1,"minecraft:oak_leaves":2,"minecraft:netherrack":134,"minecraft:water_bucket":1,"minecraft:iron_ingot":3,"minecraft:oak_slab":2,"minecraft:wheat_seeds":7,"minecraft:cobblestone":3,"minecraft:granite":6,"minecraft:spruce_stairs":1,"minecraft:chainmail_helmet":3,"minecraft:coal":1,"minecraft:stick":6,"minecraft:torch":24,"artifacts:obsidian_skull":1,"minecraft:oak_stairs":3,"artifacts:rooted_boots":2,"minecraft:chainmail_leggings":4,"minecraft:string":6,"minecraft:beetroot_soup":2,"minecraft:blaze_rod":18,"minecraft:tuff":20,"minecraft:raw_iron":64,"minecraft:iron_boots":1,"minecraft:spruce_fence":9,"minecraft:pumpkin_seeds":3,"minecraft:suspicious_stew":26,"minecraft:diamond_sword":3,"minecraft:sea_pickle":1,"artifacts:steadfast_spikes":1,"minecraft:andesite":8,"minecraft:diamond_pickaxe":1,"minecraft:oak_sapling":13,"minecraft:spider_eye":7,"minecraft:diamond_boots":1,"minecraft:bow":3},"minecraft:used":{"minecraft:chest":3,"minecraft:shield":373,"minecraft:iron_sword":466,"minecraft:tuff":5,"minecraft:obsidian":20,"minecraft:spruce_boat":3,"minecraft:iron_helmet":1,"minecraft:crimson_roots":1,"minecraft:bow":265,"minecraft:hay_block":4,"minecraft:golden_boots":1,"minecraft:diorite":11,"minecraft:diamond_boots":1,"minecraft:end_stone_bricks":1,"minecraft:oak_planks":771,"minecraft:ender_pearl":10,"minecraft:chainmail_helmet":1,"minecraft:diamond_axe":805,"minecraft:sugar_cane":55,"minecraft:purple_terracotta":2,"minecraft:end_stone":165,"minecraft:cyan_carpet":1,"minecraft:bread":325,"minecraft:string":1,"minecraft:gravel":34,"minecraft:diamond_sword":2662,"minecraft:andesite":7,"minecraft:oak_boat":1,"minecraft:experience_bottle":79,"minecraft:oak_trapdoor":135,"minecraft:purpur_block":4,"minecraft:enchanting_table":2,"minecraft:flint_and_steel":18,"minecraft:spruce_planks":45,"minecraft:netherrack":8,"minecraft:dirt":32,"minecraft:anvil":4,"minecraft:chainmail_chestplate":1,"minecraft:spruce_stairs":5,"minecraft:shulker_box":4,"minecraft:spruce_fence":3,"minecraft:dark_oak_planks":50,"minecraft:bookshelf":18,"minecraft:iron_axe":118,"minecraft:oak_stairs":2,"minecraft:smooth_quartz":56,"minecraft:crimson_planks":87,"minecraft:golden_carrot":99,"minecraft:cobbled_deepslate":184,"minecraft:iron_leggings":1,"minecraft:water_bucket":173,"minecraft:birch_planks":32,"minecraft:rail":1,"minecraft:oak_slab":138,"minecraft:crafting_table":19,"minecraft:white_bed":6,"minecraft:diamond_pickaxe":1195,"minecraft:iron_pickaxe":209,"minecraft:spruce_sapling":18,"minecraft:stone_axe":63,"minecraft:cobblestone":87,"travelersbackpack:standard":14,"minecraft:bucket":178},"minecraft:killed_by":{"minecraft:vindicator":2,"minecraft:player":8,"bosses_of_mass_destruction:obsidilith":1,"minecraft:hoglin":2}},"DataVersion":3465}