{"stats":{"minecraft:killed_by":{"minecraft:vindicator":2},"minecraft:picked_up":{"minecraft:enchanting_table":1,"minecraft:crafting_table":11,"minecraft:diamond_sword":6,"minecraft:oak_stairs":3,"minecraft:gold_block":1,"minecraft:chainmail_chestplate":1,"minecraft:wither_skeleton_skull":3,"minecraft:string":73,"minecraft:beetroot_soup":1,"minecraft:bone":58,"minecraft:cyan_carpet":101,"minecraft:sea_pickle":1,"bosses_of_mass_destruction:soul_star":3,"minecraft:spruce_planks":8,"minecraft:iron_ingot":16,"minecraft:redstone_torch":1,"minecraft:smooth_quartz":29,"minecraft:iron_sword":1,"minecraft:oak_planks":6,"minecraft:furnace":1,"minecraft:stick":11,"minecraft:stripped_crimson_hyphae":3,"minecraft:spruce_fence":6,"travelersbackpack:iron_tier_upgrade":1,"minecraft:spruce_stairs":10,"minecraft:jungle_planks":1,"minecraft:spruce_sapling":18,"minecraft:white_bed":5,"minecraft:spruce_log":37,"minecraft:spider_eye":33,"minecraft:purple_terracotta":2,"minecraft:dark_oak_planks":26,"minecraft:arrow":16,"minecraft:spruce_boat":1,"minecraft:hay_block":40,"minecraft:bread":64,"minecraft:emerald":5,"minecraft:dark_oak_wood":2,"minecraft:coal":18,"minecraft:cobblestone":6},"minecraft:dropped":{"minecraft:iron_ingot":3,"minecraft:cobblestone":3,"minecraft:jungle_planks":1,"minecraft:spruce_fence":2,"minecraft:sea_pickle":1,"minecraft:spider_eye":5,"minecraft:arrow":1,"minecraft:dark_oak_planks":2,"minecraft:string":3,"minecraft:beetroot_soup":2},"minecraft:mined":{"minecraft:dark_oak_planks":6,"minecraft:spruce_planks":13,"minecraft:white_bed":5,"minecraft:cyan_stained_glass":1,"minecraft:crafting_table":9,"minecraft:dark_oak_wood":2,"minecraft:stripped_crimson_hyphae":4,"minecraft:purple_terracotta":2,"minecraft:spruce_fence":4,"minecraft:jungle_planks":1,"minecraft:spruce_leaves":12,"minecraft:oak_planks":1,"minecraft:spawner":9,"minecraft:spruce_stairs":8,"minecraft:hay_block":41,"minecraft:furnace":1,"minecraft:sea_pickle":1,"minecraft:fire":5,"minecraft:spruce_log":37,"minecraft:gold_block":1,"minecraft:grass":1,"minecraft:oak_stairs":1,"minecraft:cyan_carpet":4,"minecraft:gravel":2,"minecraft:smooth_quartz":30,"minecraft:packed_ice":1,"minecraft:cobweb":2,"minecraft:cracked_stone_bricks":3,"minecraft:stone":6,"minecraft:stone_bricks":2,"minecraft:mossy_stone_bricks":6,"minecraft:redstone_wall_torch":2,"minecraft:tripwire":1,"minecraft:suspicious_gravel":1},"minecraft:broken":{"minecraft:iron_sword":1},"minecraft:used":{"minecraft:flint_and_steel":15,"minecraft:oak_planks":1,"minecraft:spruce_planks":44,"minecraft:shield":150,"minecraft:iron_sword":466,"minecraft:chainmail_helmet":1,"minecraft:crafting_table":11,"minecraft:spruce_stairs":5,"minecraft:chainmail_chestplate":1,"minecraft:white_bed":5,"minecraft:purple_terracotta":2,"minecraft:spruce_boat":1,"minecraft:dark_oak_planks":23,"minecraft:oak_stairs":2,"minecraft:iron_axe":78,"minecraft:string":1,"minecraft:bread":71,"minecraft:cyan_carpet":1,"minecraft:iron_pickaxe":67,"minecraft:iron_helmet":1,"minecraft:smooth_quartz":4,"minecraft:spruce_sapling":18,"minecraft:stone_axe":63,"minecraft:diamond_sword":312,"minecraft:iron_leggings":1},"minecraft:killed":{"minecraft:cave_spider":27,"minecraft:spider":41,"minecraft:vindicator":9,"minecraft:skeleton":2,"minecraft:pillager":11,"minecraft:zombie":1,"minecraft:drowned":4,"minecraft:wither_skeleton":47},"minecraft:custom":{"minecraft:mob_kills":143,"minecraft:tune_noteblock":2,"minecraft:interact_with_crafting_table":16,"minecraft:open_barrel":26,"minecraft:damage_dealt_resisted":5874,"minecraft:leave_game":6,"minecraft:time_since_death":80455,"minecraft:sleep_in_bed":5,"minecraft:climb_one_cm":3750,"minecraft:damage_resisted":4,"minecraft:time_since_rest":56761,"minecraft:sprint_one_cm":210237,"minecraft:damage_taken":3503,"minecraft:walk_one_cm":222440,"minecraft:damage_blocked_by_shield":1371,"minecraft:drop":16,"minecraft:damage_dealt":54028,"minecraft:play_noteblock":2,"minecraft:swim_one_cm":126045,"minecraft:fly_one_cm":409683,"minecraft:open_chest":48,"minecraft:crouch_one_cm":13209,"minecraft:play_time":113712,"minecraft:deaths":2,"minecraft:sneak_time":6603,"minecraft:walk_under_water_one_cm":31848,"minecraft:boat_one_cm":38269,"minecraft:jump":2064,"minecraft:walk_on_water_one_cm":49681,"minecraft:total_world_time":113712,"minecraft:fall_one_cm":22871},"minecraft:crafted":{"minecraft:crimson_planks":12,"minecraft:diamond_sword":5,"minecraft:crafting_table":1,"minecraft:spruce_planks":148,"minecraft:iron_sword":1,"minecraft:stone_axe":1,"minecraft:bread":93,"minecraft:bow":1,"minecraft:white_wool":4,"minecraft:shield":2,"minecraft:iron_axe":1,"minecraft:stick":16,"minecraft:iron_pickaxe":2,"minecraft:gold_ingot":9,"minecraft:white_bed":1,"minecraft:spruce_boat":1,"minecraft:dark_oak_planks":8,"minecraft:wheat":360}},"DataVersion":3465}