{"stats":{"minecraft:crafted":{"minecraft:oak_planks":1304,"minecraft:blaze_powder":2,"minecraft:shulker_box":2,"minecraft:suspicious_stew":12,"minecraft:hopper":2,"minecraft:diamond_leggings":1,"minecraft:diamond_helmet":1,"minecraft:bow":2,"minecraft:chest":7,"minecraft:ender_eye":1,"minecraft:emerald":23,"minecraft:diamond_axe":1,"minecraft:crafting_table":5,"minecraft:spruce_planks":148,"minecraft:birch_planks":40,"minecraft:apple":32,"minecraft:diamond_pickaxe":2,"minecraft:shield":4,"minecraft:stick":28,"minecraft:iron_ingot":131,"minecraft:iron_pickaxe":2,"minecraft:iron_block":3,"minecraft:gold_ingot":45,"minecraft:golden_carrot":108,"minecraft:cookie":324,"minecraft:oak_trapdoor":138,"minecraft:flint_and_steel":1,"minecraft:diamond":9,"minecraft:iron_axe":1,"minecraft:spruce_boat":1,"minecraft:dark_oak_planks":8,"minecraft:wheat":635,"minecraft:crimson_planks":100,"minecraft:diamond_sword":7,"minecraft:iron_sword":1,"minecraft:bucket":1,"minecraft:stone_axe":1,"minecraft:bread":105,"minecraft:air":0,"minecraft:oak_boat":1,"minecraft:white_wool":4,"minecraft:anvil":1,"minecraft:white_bed":1,"minecraft:pumpkin_pie":48,"minecraft:diamond_chestplate":1},"minecraft:mined":{"minecraft:dark_oak_planks":15,"minecraft:dragon_wall_head":1,"minecraft:spruce_planks":14,"minecraft:white_bed":7,"minecraft:obsidian":17,"minecraft:granite":5,"minecraft:stripped_crimson_hyphae":4,"minecraft:grass_block":1,"minecraft:cracked_polished_blackstone_bricks":3,"minecraft:polished_blackstone_brick_slab":5,"minecraft:spawner":32,"minecraft:polished_blackstone_bricks":1,"minecraft:iron_ore":39,"minecraft:cobbled_deepslate":10,"minecraft:fire":10,"minecraft:deepslate_lapis_ore":6,"minecraft:anvil":3,"minecraft:enchanting_table":2,"minecraft:twisting_vines":1,"minecraft:dirt_path":14,"minecraft:oak_stairs":3,"minecraft:end_stone_bricks":1,"minecraft:tripwire":1,"minecraft:blackstone":1,"minecraft:smoker":1,"minecraft:crimson_nylium":2,"minecraft:note_block":2,"minecraft:dark_oak_wood":3,"minecraft:blast_furnace":1,"minecraft:cobblestone":1,"minecraft:sugar_cane":1,"minecraft:oak_planks":19,"minecraft:wheat":1,"minecraft:purpur_block":5,"minecraft:grass":18,"minecraft:oak_log":521,"minecraft:dirt":5,"minecraft:smooth_quartz":67,"minecraft:netherrack":8,"minecraft:oak_leaves":5,"minecraft:deepslate":228,"minecraft:suspicious_gravel":1,"minecraft:tuff":27,"minecraft:deepslate_diamond_ore":28,"minecraft:cyan_stained_glass":1,"minecraft:shulker_box":3,"minecraft:end_stone":194,"minecraft:purple_terracotta":2,"minecraft:spruce_fence":17,"minecraft:jungle_planks":1,"minecraft:crimson_roots":1,"minecraft:weeping_vines":1,"minecraft:spruce_leaves":12,"minecraft:crimson_stem":25,"minecraft:hay_block":101,"minecraft:oak_trapdoor":7,"minecraft:furnace":1,"minecraft:andesite":16,"minecraft:gold_block":11,"minecraft:bookshelf":18,"minecraft:deepslate_iron_ore":17,"minecraft:warped_stem":5,"minecraft:packed_ice":2,"minecraft:stone":127,"minecraft:redstone_wall_torch":2,"minecraft:oak_slab":7,"minecraft:glass_pane":1,"minecraft:magenta_stained_glass":1,"bosses_of_mass_destruction:obsidilith_rune":12,"travelersbackpack:standard":1,"minecraft:crafting_table":15,"minecraft:warped_roots":1,"minecraft:campfire":1,"minecraft:tall_grass":6,"minecraft:lapis_ore":6,"minecraft:diorite":15,"minecraft:spruce_stairs":8,"minecraft:birch_planks":5,"minecraft:sea_pickle":1,"minecraft:spruce_log":37,"minecraft:birch_leaves":1,"minecraft:yellow_bed":1,"minecraft:coal_ore":27,"minecraft:gravel":41,"minecraft:cyan_carpet":7,"minecraft:cobweb":6,"minecraft:cracked_stone_bricks":7,"minecraft:stone_bricks":5,"minecraft:mossy_stone_bricks":7},"minecraft:broken":{"minecraft:diamond_helmet":1,"minecraft:chainmail_boots":1,"minecraft:iron_sword":1,"minecraft:chainmail_helmet":1,"minecraft:shield":3},"minecraft:custom":{"minecraft:interact_with_crafting_table":44,"minecraft:open_barrel":49,"minecraft:open_shulker_box":11,"minecraft:leave_game":18,"minecraft:time_since_death":80909,"minecraft:damage_resisted":4,"minecraft:sprint_one_cm":989184,"minecraft:damage_blocked_by_shield":9331,"minecraft:drop":163,"minecraft:play_noteblock":5,"minecraft:talked_to_villager":37,"minecraft:play_time":553731,"minecraft:deaths":19,"minecraft:jump":9694,"minecraft:walk_on_water_one_cm":101522,"minecraft:enchant_item":9,"minecraft:interact_with_furnace":6,"minecraft:traded_with_villager":111,"minecraft:sleep_in_bed":11,"minecraft:damage_dealt":215824,"minecraft:player_kills":2,"minecraft:crouch_one_cm":137289,"minecraft:interact_with_smoker":1,"minecraft:mob_kills":626,"minecraft:interact_with_anvil":17,"minecraft:damage_dealt_resisted":27479,"minecraft:climb_one_cm":12212,"minecraft:walk_one_cm":1405229,"minecraft:sneak_time":43180,"minecraft:walk_under_water_one_cm":93111,"minecraft:boat_one_cm":197587,"minecraft:interact_with_blast_furnace":18,"minecraft:total_world_time":553731,"minecraft:tune_noteblock":3,"minecraft:interact_with_grindstone":8,"minecraft:time_since_rest":79908,"minecraft:damage_taken":26920,"minecraft:swim_one_cm":187178,"minecraft:fly_one_cm":3699996,"minecraft:open_chest":184,"minecraft:aviate_one_cm":47502,"minecraft:fall_one_cm":192591},"minecraft:killed":{"minecraft:cave_spider":95,"minecraft:spider":129,"minecraft:shulker":11,"bosses_of_mass_destruction:obsidilith":1,"minecraft:skeleton":36,"minecraft:piglin_brute":4,"artifacts:mimic":4,"minecraft:magma_cube":1,"minecraft:piglin":11,"minecraft:zombie_villager":1,"minecraft:iron_golem":1,"minecraft:creeper":7,"minecraft:pillager":11,"minecraft:zombie":30,"minecraft:stray":1,"minecraft:blaze":14,"minecraft:vindicator":9,"minecraft:drowned":5,"minecraft:wither_skeleton":219,"minecraft:player":2,"minecraft:enderman":24},"minecraft:picked_up":{"minecraft:shulker_shell":5,"minecraft:wheat":4,"minecraft:anvil":3,"minecraft:suspicious_stew":14,"minecraft:diamond_sword":18,"minecraft:oak_stairs":6,"minecraft:string":188,"minecraft:beetroot_soup":1,"universal_graves:grave_compass":2,"minecraft:experience_bottle":54,"minecraft:sea_pickle":1,"minecraft:cobbled_deepslate":233,"bosses_of_mass_destruction:soul_star":9,"minecraft:spruce_planks":9,"minecraft:redstone_torch":1,"minecraft:smooth_quartz":78,"minecraft:furnace":1,"minecraft:iron_boots":1,"minecraft:polished_blackstone_brick_slab":5,"minecraft:stick":73,"minecraft:torch":24,"minecraft:spruce_stairs":10,"travelersbackpack:iron_tier_upgrade":1,"minecraft:diorite":15,"minecraft:rotten_flesh":14,"artifacts:villager_hat":1,"minecraft:bookshelf":18,"minecraft:blaze_rod":18,"minecraft:obsidian":16,"minecraft:cobblestone":126,"minecraft:enchanting_table":3,"minecraft:water_bucket":2,"minecraft:andesite":20,"minecraft:smoker":1,"minecraft:flint":2,"minecraft:tuff":22,"minecraft:wither_skeleton_skull":7,"artifacts:pickaxe_heater":1,"minecraft:lapis_lazuli":234,"minecraft:dirt":38,"minecraft:bone":324,"minecraft:bow":3,"minecraft:wheat_seeds":8,"minecraft:birch_wood":10,"minecraft:oak_planks":24,"artifacts:rooted_boots":2,"minecraft:jungle_planks":1,"minecraft:shulker_box":3,"artifacts:plastic_drinking_hat":1,"minecraft:diamond":49,"minecraft:spruce_boat":3,"minecraft:crossbow":1,"minecraft:granite":5,"minecraft:emerald":114,"minecraft:chainmail_helmet":1,"minecraft:bread":64,"minecraft:oak_sapling":13,"minecraft:netherrack":207,"minecraft:diamond_pickaxe":1,"minecraft:oak_leaves":2,"minecraft:crimson_roots":1,"minecraft:end_stone_bricks":1,"minecraft:charcoal":2,"minecraft:crafting_table":17,"minecraft:gold_block":6,"minecraft:dragon_head":1,"minecraft:purpur_block":7,"minecraft:oak_trapdoor":6,"minecraft:elytra":1,"minecraft:flint_and_steel":1,"minecraft:blackstone":6,"minecraft:cyan_carpet":291,"minecraft:cracked_stone_bricks":4,"minecraft:detector_rail":4,"minecraft:poppy":4,"minecraft:sugar_cane":3,"minecraft:spruce_trapdoor":3,"minecraft:stripped_crimson_hyphae":3,"minecraft:raw_iron":183,"minecraft:end_stone":194,"minecraft:spruce_fence":16,"minecraft:note_block":2,"minecraft:polished_blackstone_bricks":3,"minecraft:cookie":422,"minecraft:purple_terracotta":2,"minecraft:dark_oak_planks":90,"minecraft:weeping_vines":1,"minecraft:arrow":146,"minecraft:hay_block":101,"minecraft:rail":1,"minecraft:golden_carrot":55,"minecraft:crimson_stem":22,"minecraft:birch_planks":4,"minecraft:oak_log":515,"minecraft:chainmail_chestplate":1,"minecraft:yellow_bed":1,"minecraft:gunpowder":4,"minecraft:stone_bricks":2,"minecraft:iron_ingot":19,"artifacts:steadfast_spikes":2,"minecraft:iron_sword":1,"minecraft:oak_slab":140,"artifacts:obsidian_skull":1,"minecraft:warped_fungus":2,"minecraft:sweet_berries":5,"minecraft:quartz":1,"minecraft:gravel":37,"minecraft:spruce_sapling":18,"minecraft:blast_furnace":1,"minecraft:white_bed":6,"minecraft:spruce_log":37,"minecraft:dragon_egg":1,"minecraft:spider_eye":84,"travelersbackpack:standard":1,"minecraft:pumpkin_seeds":3,"minecraft:diamond_axe":1,"minecraft:warped_roots":4,"minecraft:warped_nylium":4,"minecraft:dark_oak_wood":2,"minecraft:coal":143,"minecraft:ender_pearl":10},"minecraft:dropped":{"minecraft:diamond_axe":1,"minecraft:lapis_lazuli":85,"minecraft:warped_fungus":2,"minecraft:crossbow":1,"minecraft:weeping_vines":1,"minecraft:cookie":752,"minecraft:warped_roots":4,"minecraft:jungle_planks":1,"minecraft:emerald":9,"minecraft:dirt":2,"minecraft:pumpkin_pie":48,"minecraft:polished_blackstone_bricks":3,"minecraft:iron_pickaxe":1,"minecraft:dark_oak_planks":2,"minecraft:cyan_carpet":74,"minecraft:bone":9,"minecraft:gravel":1,"minecraft:purpur_block":3,"minecraft:blackstone":6,"minecraft:detector_rail":4,"minecraft:wheat":19,"minecraft:obsidian":6,"minecraft:rotten_flesh":11,"universal_graves:grave_compass":7,"minecraft:oak_planks":1,"minecraft:end_stone":21,"minecraft:chainmail_chestplate":2,"minecraft:poppy":4,"minecraft:charcoal":2,"minecraft:hopper":2,"minecraft:chainmail_boots":1,"minecraft:arrow":3,"minecraft:quartz":1,"minecraft:oak_leaves":2,"minecraft:netherrack":134,"minecraft:water_bucket":1,"minecraft:iron_ingot":3,"minecraft:wheat_seeds":7,"minecraft:cobblestone":3,"minecraft:granite":1,"minecraft:spruce_stairs":1,"minecraft:chainmail_helmet":3,"minecraft:coal":1,"minecraft:stick":3,"minecraft:torch":24,"artifacts:obsidian_skull":1,"minecraft:oak_stairs":3,"artifacts:rooted_boots":2,"minecraft:chainmail_leggings":4,"minecraft:string":6,"minecraft:beetroot_soup":2,"minecraft:blaze_rod":18,"minecraft:tuff":17,"minecraft:raw_iron":64,"minecraft:iron_boots":1,"minecraft:spruce_fence":9,"minecraft:pumpkin_seeds":3,"minecraft:suspicious_stew":26,"minecraft:diamond_sword":3,"minecraft:sea_pickle":1,"artifacts:steadfast_spikes":1,"minecraft:andesite":8,"minecraft:diamond_pickaxe":1,"minecraft:oak_sapling":13,"minecraft:spider_eye":7,"minecraft:diamond_boots":1,"minecraft:bow":3},"minecraft:used":{"minecraft:chest":3,"minecraft:shield":364,"minecraft:iron_sword":466,"minecraft:tuff":5,"minecraft:obsidian":20,"minecraft:spruce_boat":3,"minecraft:iron_helmet":1,"minecraft:crimson_roots":1,"minecraft:bow":149,"minecraft:hay_block":4,"minecraft:golden_boots":1,"minecraft:diorite":11,"minecraft:diamond_boots":1,"minecraft:end_stone_bricks":1,"minecraft:oak_planks":765,"minecraft:ender_pearl":10,"minecraft:chainmail_helmet":1,"minecraft:diamond_axe":785,"minecraft:sugar_cane":18,"minecraft:purple_terracotta":2,"minecraft:end_stone":165,"minecraft:cyan_carpet":1,"minecraft:bread":301,"minecraft:string":1,"minecraft:gravel":34,"minecraft:diamond_sword":2600,"minecraft:andesite":7,"minecraft:oak_boat":1,"minecraft:experience_bottle":79,"minecraft:oak_trapdoor":135,"minecraft:purpur_block":4,"minecraft:enchanting_table":2,"minecraft:flint_and_steel":18,"minecraft:spruce_planks":45,"minecraft:netherrack":8,"minecraft:dirt":32,"minecraft:anvil":3,"minecraft:chainmail_chestplate":1,"minecraft:spruce_stairs":5,"minecraft:shulker_box":4,"minecraft:spruce_fence":3,"minecraft:dark_oak_planks":50,"minecraft:bookshelf":18,"minecraft:iron_axe":118,"minecraft:oak_stairs":2,"minecraft:smooth_quartz":56,"minecraft:crimson_planks":87,"minecraft:golden_carrot":88,"minecraft:cobbled_deepslate":176,"minecraft:iron_leggings":1,"minecraft:water_bucket":136,"minecraft:birch_planks":32,"minecraft:rail":1,"minecraft:oak_slab":138,"minecraft:crafting_table":19,"minecraft:white_bed":6,"minecraft:diamond_pickaxe":750,"minecraft:iron_pickaxe":209,"minecraft:spruce_sapling":18,"minecraft:stone_axe":63,"minecraft:cobblestone":87,"travelersbackpack:standard":14,"minecraft:bucket":137},"minecraft:killed_by":{"minecraft:vindicator":2,"minecraft:player":8,"bosses_of_mass_destruction:obsidilith":1,"minecraft:hoglin":2}},"DataVersion":3465}