{"stats":{"minecraft:picked_up":{"minecraft:crafting_table":4,"minecraft:wheat":6,"minecraft:nether_brick_fence":2,"minecraft:nether_wart":38,"minecraft:gold_block":27,"minecraft:crimson_planks":14,"minecraft:shroomlight":6,"minecraft:blackstone":3,"minecraft:gold_nugget":6,"minecraft:cobbled_deepslate":13,"minecraft:furnace":3,"minecraft:raw_iron":83,"minecraft:torch":4,"sophisticatedbackpacks:backpack":1,"minecraft:porkchop":83,"minecraft:polished_blackstone_bricks":18,"minecraft:golden_axe":1,"tombstone:grave_dust":1,"minecraft:weeping_vines":1,"minecraft:arrow":4,"minecraft:stone_sword":1,"minecraft:rotten_flesh":33,"minecraft:nether_bricks":6,"minecraft:hay_block":58,"minecraft:blaze_rod":10,"minecraft:glow_berries":39,"minecraft:cobblestone":43,"minecraft:birch_log":12,"minecraft:basalt":2,"minecraft:crimson_stem":99,"minecraft:andesite":1,"minecraft:leather":14,"minecraft:potato":1,"minecraft:flint":2,"minecraft:crimson_fungus":1,"minecraft:tuff":2,"minecraft:nether_wart_block":93,"minecraft:dirt":2,"minecraft:leather_boots":1,"minecraft:bone":6,"minecraft:wheat_seeds":2,"minecraft:warped_stem":15,"minecraft:raw_gold":11,"minecraft:iron_ingot":4,"minecraft:moss_block":4,"minecraft:warped_wart_block":2,"minecraft:gravel":9,"minecraft:diamond":2,"minecraft:cracked_polished_blackstone_bricks":13,"minecraft:granite":8,"minecraft:warped_roots":2,"minecraft:warped_nylium":2,"minecraft:netherrack":331,"minecraft:coal":66,"minecraft:crimson_roots":15,"minecraft:ender_pearl":2},"minecraft:dropped":{"minecraft:crimson_nylium":1,"minecraft:wheat_seeds":1,"minecraft:weeping_vines":1,"minecraft:warped_roots":1,"minecraft:granite":3,"minecraft:cracked_polished_blackstone_bricks":1,"minecraft:crimson_roots":8,"minecraft:polished_blackstone_bricks":2,"minecraft:bone":1,"minecraft:crimson_fungus":1,"minecraft:obsidian":1,"minecraft:rotten_flesh":21,"minecraft:flint_and_steel":1,"minecraft:hay_block":5,"minecraft:arrow":1},"minecraft:custom":{"minecraft:mob_kills":190,"minecraft:interact_with_crafting_table":22,"minecraft:leave_game":8,"minecraft:time_since_death":37639,"minecraft:climb_one_cm":7225,"minecraft:sprint_one_cm":821528,"minecraft:walk_one_cm":758178,"minecraft:damage_blocked_by_shield":2310,"minecraft:drop":26,"minecraft:damage_dealt_absorbed":120,"minecraft:play_time":312338,"minecraft:deaths":18,"minecraft:sneak_time":36529,"minecraft:walk_under_water_one_cm":42221,"minecraft:jump":4848,"minecraft:walk_on_water_one_cm":44518,"minecraft:total_world_time":312338,"minecraft:interact_with_furnace":28,"minecraft:sleep_in_bed":4,"minecraft:time_since_rest":35770,"minecraft:waystone_activated":1,"minecraft:damage_taken":10860,"minecraft:damage_dealt":30487,"minecraft:swim_one_cm":34640,"minecraft:fly_one_cm":696345,"minecraft:open_chest":49,"minecraft:crouch_one_cm":104369,"tombstone:undead_killed":1,"minecraft:fall_one_cm":127459},"minecraft:crafted":{"minecraft:furnace":2,"minecraft:flint_and_steel":2,"minecraft:warped_planks":60,"minecraft:iron_boots":2,"minecraft:iron_axe":1,"minecraft:stone_pickaxe":1,"minecraft:chest":2,"minecraft:wheat":237,"minecraft:crimson_planks":376,"minecraft:cooked_porkchop":9,"minecraft:crafting_table":1,"minecraft:wooden_pickaxe":1,"minecraft:iron_helmet":1,"minecraft:iron_sword":3,"minecraft:gold_block":16,"minecraft:bucket":1,"minecraft:birch_planks":48,"minecraft:stone_axe":1,"minecraft:bread":81,"minecraft:air":0,"minecraft:iron_chestplate":1,"minecraft:shield":1,"minecraft:stick":16,"minecraft:iron_ingot":110,"minecraft:iron_pickaxe":2,"minecraft:iron_block":6,"minecraft:iron_leggings":1,"minecraft:gold_ingot":155},"minecraft:broken":{"minecraft:golden_helmet":1,"minecraft:stone_pickaxe":1,"minecraft:shield":1,"minecraft:golden_axe":1,"minecraft:stone_axe":1,"minecraft:iron_sword":1,"minecraft:iron_pickaxe":2},"minecraft:used":{"minecraft:moss_block":4,"minecraft:nether_brick_fence":2,"minecraft:stone_sword":16,"minecraft:flint_and_steel":6,"minecraft:chest":2,"minecraft:shield":75,"minecraft:iron_sword":447,"minecraft:rotten_flesh":12,"minecraft:netherrack":147,"minecraft:torch":4,"minecraft:dirt":2,"minecraft:nether_bricks":6,"minecraft:golden_chestplate":2,"minecraft:tuff":2,"minecraft:granite":5,"minecraft:obsidian":42,"minecraft:shroomlight":6,"minecraft:lava_bucket":12,"minecraft:iron_axe":121,"minecraft:iron_helmet":1,"minecraft:crimson_roots":9,"minecraft:crimson_planks":325,"minecraft:basalt":2,"minecraft:diamond_chestplate":2,"minecraft:hay_block":1,"minecraft:furnace":5,"minecraft:gold_block":2,"tombstone:gift":2,"minecraft:potato":2,"minecraft:cobbled_deepslate":3,"minecraft:golden_axe":1,"minecraft:water_bucket":19,"minecraft:birch_planks":27,"minecraft:stone_pickaxe":132,"minecraft:blackstone":2,"minecraft:wooden_pickaxe":4,"minecraft:warped_roots":1,"minecraft:polished_blackstone_bricks":16,"minecraft:glow_berries":56,"minecraft:crafting_table":5,"minecraft:warped_planks":60,"minecraft:apple":1,"minecraft:crying_obsidian":13,"minecraft:cracked_polished_blackstone_bricks":6,"minecraft:bread":74,"minecraft:iron_pickaxe":497,"minecraft:gravel":8,"minecraft:golden_leggings":1,"minecraft:crimson_nylium":5,"minecraft:golden_helmet":2,"minecraft:stone_axe":97,"minecraft:nether_wart_block":93,"minecraft:cobblestone":25,"minecraft:porkchop":63,"minecraft:cooked_porkchop":9,"minecraft:andesite":1,"minecraft:bucket":18},"minecraft:mined":{"minecraft:nether_gold_ore":2,"minecraft:tuff":2,"minecraft:deepslate_diamond_ore":2,"minecraft:cave_vines_plant":1,"minecraft:nether_bricks":8,"minecraft:grass_block":2,"minecraft:crimson_roots":16,"minecraft:cracked_polished_blackstone_bricks":14,"minecraft:weeping_vines":2,"minecraft:crimson_fungus":1,"minecraft:moss_block":4,"minecraft:nether_wart":28,"minecraft:crimson_stem":101,"minecraft:spawner":1,"minecraft:hay_block":53,"minecraft:polished_blackstone_bricks":18,"minecraft:weeping_vines_plant":4,"minecraft:furnace":3,"minecraft:iron_ore":63,"minecraft:fire":20,"minecraft:andesite":2,"minecraft:gold_block":29,"minecraft:nether_brick_fence":2,"minecraft:cave_vines":2,"minecraft:deepslate_iron_ore":20,"minecraft:shroomlight":6,"minecraft:warped_stem":15,"minecraft:stone":41,"minecraft:blackstone":3,"minecraft:crimson_nylium":11,"minecraft:basalt":2,"minecraft:crafting_table":4,"minecraft:torch":3,"minecraft:warped_roots":1,"minecraft:tall_grass":3,"minecraft:cobblestone":2,"minecraft:deepslate_gold_ore":11,"minecraft:wall_torch":1,"minecraft:warped_wart_block":2,"minecraft:warped_nylium":18,"minecraft:nether_wart_block":94,"minecraft:birch_log":12,"minecraft:grass":15,"minecraft:coal_ore":29,"minecraft:gravel":9,"minecraft:crimson_planks":19,"minecraft:netherrack":315,"minecraft:deepslate":13},"minecraft:killed":{"minecraft:spider":1,"minecraft:skeleton":3,"minecraft:piglin_brute":5,"minecraft:magma_cube":81,"minecraft:piglin":24,"minecraft:iron_golem":1,"minecraft:hoglin":25,"minecraft:zombie":11,"minecraft:wither_skeleton":1,"minecraft:enderman":4,"minecraft:blaze":28},"minecraft:killed_by":{"minecraft:wither_skeleton":1,"minecraft:iron_golem":2,"minecraft:piglin":5,"minecraft:hoglin":2,"cataclysm:deepling_brute":1}},"DataVersion":3465}