{"stats":{"minecraft:broken":{"minecraft:shield":1,"minecraft:iron_sword":1,"minecraft:chainmail_helmet":1,"minecraft:chainmail_boots":1},"minecraft:crafted":{"minecraft:crimson_planks":12,"minecraft:diamond_sword":7,"minecraft:crafting_table":1,"minecraft:spruce_planks":148,"minecraft:iron_sword":1,"minecraft:birch_planks":40,"minecraft:stone_axe":1,"minecraft:bread":93,"minecraft:white_wool":4,"minecraft:bow":1,"minecraft:shield":3,"minecraft:iron_axe":1,"minecraft:stick":16,"minecraft:iron_pickaxe":2,"minecraft:gold_ingot":9,"minecraft:white_bed":1,"minecraft:spruce_boat":1,"minecraft:dark_oak_planks":8,"minecraft:wheat":360},"minecraft:killed_by":{"minecraft:vindicator":2},"minecraft:dropped":{"minecraft:iron_ingot":3,"minecraft:cobblestone":3,"minecraft:jungle_planks":1,"minecraft:spruce_fence":8,"minecraft:chainmail_chestplate":1,"minecraft:sea_pickle":1,"minecraft:spider_eye":5,"minecraft:arrow":1,"minecraft:chainmail_leggings":2,"minecraft:string":3,"minecraft:dark_oak_planks":2,"minecraft:beetroot_soup":2,"minecraft:bone":9},"minecraft:mined":{"minecraft:dark_oak_planks":10,"minecraft:spruce_planks":14,"minecraft:white_bed":5,"minecraft:cyan_stained_glass":1,"minecraft:crafting_table":9,"minecraft:note_block":2,"minecraft:purple_terracotta":2,"minecraft:dark_oak_wood":3,"minecraft:stripped_crimson_hyphae":4,"minecraft:spruce_fence":13,"minecraft:jungle_planks":1,"minecraft:spruce_leaves":12,"minecraft:oak_planks":1,"minecraft:spawner":22,"minecraft:hay_block":46,"minecraft:spruce_stairs":8,"minecraft:birch_planks":3,"minecraft:furnace":1,"minecraft:sea_pickle":1,"minecraft:fire":5,"minecraft:spruce_log":37,"minecraft:gold_block":1,"minecraft:grass":1,"minecraft:oak_stairs":1,"minecraft:cyan_carpet":7,"minecraft:gravel":2,"minecraft:smooth_quartz":45,"minecraft:packed_ice":1,"minecraft:cobweb":3,"minecraft:cracked_stone_bricks":3,"minecraft:stone":6,"minecraft:stone_bricks":2,"minecraft:mossy_stone_bricks":6,"minecraft:oak_leaves":1,"minecraft:redstone_wall_torch":2,"minecraft:tripwire":1,"minecraft:suspicious_gravel":1},"minecraft:picked_up":{"minecraft:enchanting_table":1,"minecraft:crafting_table":11,"minecraft:diamond_sword":17,"minecraft:oak_stairs":3,"minecraft:birch_planks":3,"minecraft:gold_block":1,"minecraft:chainmail_chestplate":1,"minecraft:wither_skeleton_skull":6,"minecraft:dirt":2,"minecraft:string":133,"minecraft:beetroot_soup":1,"minecraft:bone":240,"minecraft:cyan_carpet":291,"minecraft:sea_pickle":1,"bosses_of_mass_destruction:soul_star":6,"minecraft:birch_wood":10,"minecraft:spruce_planks":9,"minecraft:iron_ingot":16,"minecraft:redstone_torch":1,"minecraft:smooth_quartz":47,"minecraft:iron_sword":1,"minecraft:oak_planks":6,"minecraft:spruce_trapdoor":3,"minecraft:furnace":1,"minecraft:stick":11,"minecraft:stripped_crimson_hyphae":3,"travelersbackpack:iron_tier_upgrade":1,"minecraft:spruce_stairs":10,"minecraft:note_block":2,"minecraft:spruce_fence":14,"minecraft:jungle_planks":1,"minecraft:spruce_sapling":18,"minecraft:white_bed":5,"minecraft:spruce_log":37,"minecraft:spider_eye":61,"minecraft:purple_terracotta":2,"minecraft:dark_oak_planks":30,"minecraft:arrow":73,"minecraft:spruce_boat":1,"minecraft:hay_block":45,"minecraft:bread":64,"minecraft:emerald":5,"minecraft:dark_oak_wood":2,"minecraft:coal":56,"minecraft:cobblestone":6},"minecraft:custom":{"minecraft:interact_with_anvil":5,"minecraft:mob_kills":313,"minecraft:interact_with_crafting_table":18,"minecraft:tune_noteblock":3,"minecraft:open_barrel":26,"minecraft:damage_dealt_resisted":15355,"minecraft:leave_game":8,"minecraft:time_since_death":147863,"minecraft:sleep_in_bed":5,"minecraft:climb_one_cm":10178,"minecraft:damage_resisted":4,"minecraft:time_since_rest":124169,"minecraft:sprint_one_cm":285822,"minecraft:damage_taken":7427,"minecraft:walk_one_cm":396878,"minecraft:damage_blocked_by_shield":5712,"minecraft:drop":21,"minecraft:damage_dealt":109387,"minecraft:play_noteblock":5,"minecraft:swim_one_cm":126045,"minecraft:fly_one_cm":486267,"minecraft:open_chest":71,"minecraft:crouch_one_cm":21905,"minecraft:play_time":181120,"minecraft:sneak_time":10641,"minecraft:deaths":2,"minecraft:walk_under_water_one_cm":31848,"minecraft:boat_one_cm":38269,"minecraft:jump":3299,"minecraft:walk_on_water_one_cm":52786,"minecraft:total_world_time":181120,"minecraft:fall_one_cm":33990},"minecraft:killed":{"minecraft:cave_spider":73,"minecraft:spider":79,"minecraft:vindicator":9,"minecraft:skeleton":13,"minecraft:pillager":11,"minecraft:zombie":1,"minecraft:drowned":4,"minecraft:wither_skeleton":117},"minecraft:used":{"minecraft:flint_and_steel":15,"minecraft:oak_planks":1,"minecraft:spruce_planks":45,"minecraft:shield":309,"minecraft:iron_sword":466,"minecraft:chainmail_helmet":1,"minecraft:crafting_table":11,"minecraft:chainmail_chestplate":1,"minecraft:spruce_stairs":5,"minecraft:white_bed":5,"minecraft:purple_terracotta":2,"minecraft:spruce_fence":2,"minecraft:spruce_boat":1,"minecraft:dark_oak_planks":23,"minecraft:string":1,"minecraft:iron_axe":97,"minecraft:oak_stairs":2,"minecraft:bread":146,"minecraft:iron_pickaxe":97,"minecraft:cyan_carpet":1,"minecraft:iron_helmet":1,"minecraft:smooth_quartz":43,"minecraft:spruce_sapling":18,"minecraft:stone_axe":63,"minecraft:diamond_sword":1114,"travelersbackpack:standard":1,"minecraft:bow":30,"minecraft:iron_leggings":1}},"DataVersion":3465}