{"stats":{"minecraft:killed_by":{"minecraft:vindicator":2},"minecraft:picked_up":{"minecraft:enchanting_table":1,"minecraft:crafting_table":10,"minecraft:diamond_sword":2,"minecraft:oak_stairs":1,"minecraft:gold_block":1,"minecraft:chainmail_chestplate":1,"minecraft:string":13,"minecraft:beetroot_soup":1,"minecraft:bone":34,"minecraft:cyan_carpet":90,"minecraft:sea_pickle":1,"bosses_of_mass_destruction:soul_star":1,"minecraft:spruce_planks":8,"minecraft:iron_ingot":16,"minecraft:redstone_torch":1,"minecraft:smooth_quartz":3,"minecraft:iron_sword":1,"minecraft:oak_planks":6,"minecraft:furnace":1,"minecraft:stick":11,"minecraft:stripped_crimson_hyphae":3,"minecraft:spruce_fence":2,"travelersbackpack:iron_tier_upgrade":1,"minecraft:spruce_stairs":9,"minecraft:jungle_planks":1,"minecraft:spruce_sapling":18,"minecraft:white_bed":5,"minecraft:spruce_log":37,"minecraft:spider_eye":7,"minecraft:purple_terracotta":2,"minecraft:dark_oak_planks":19,"minecraft:arrow":10,"minecraft:spruce_boat":1,"minecraft:hay_block":35,"minecraft:bread":64,"minecraft:emerald":5,"minecraft:dark_oak_wood":2,"minecraft:coal":10,"minecraft:cobblestone":6},"minecraft:dropped":{"minecraft:cobblestone":3,"minecraft:jungle_planks":1,"minecraft:spider_eye":2,"minecraft:arrow":1,"minecraft:string":1,"minecraft:beetroot_soup":2},"minecraft:mined":{"minecraft:spruce_planks":6,"minecraft:white_bed":5,"minecraft:crafting_table":9,"minecraft:dark_oak_wood":2,"minecraft:stripped_crimson_hyphae":4,"minecraft:purple_terracotta":2,"minecraft:spruce_fence":3,"minecraft:jungle_planks":1,"minecraft:spruce_leaves":12,"minecraft:oak_planks":1,"minecraft:spawner":5,"minecraft:spruce_stairs":7,"minecraft:hay_block":36,"minecraft:furnace":1,"minecraft:sea_pickle":1,"minecraft:fire":5,"minecraft:spruce_log":37,"minecraft:gold_block":1,"minecraft:grass":1,"minecraft:oak_stairs":1,"minecraft:cyan_carpet":4,"minecraft:gravel":2,"minecraft:smooth_quartz":2,"minecraft:packed_ice":1,"minecraft:cobweb":2,"minecraft:cracked_stone_bricks":3,"minecraft:stone":6,"minecraft:stone_bricks":2,"minecraft:mossy_stone_bricks":6,"minecraft:redstone_wall_torch":1,"minecraft:tripwire":1,"minecraft:suspicious_gravel":1},"minecraft:used":{"minecraft:flint_and_steel":15,"minecraft:oak_planks":1,"minecraft:spruce_planks":44,"minecraft:shield":78,"minecraft:iron_sword":332,"minecraft:chainmail_helmet":1,"minecraft:crafting_table":10,"minecraft:chainmail_chestplate":1,"minecraft:white_bed":4,"minecraft:purple_terracotta":2,"minecraft:spruce_boat":1,"minecraft:dark_oak_planks":11,"minecraft:iron_axe":59,"minecraft:string":1,"minecraft:bread":53,"minecraft:cyan_carpet":1,"minecraft:iron_pickaxe":35,"minecraft:iron_helmet":1,"minecraft:smooth_quartz":2,"minecraft:spruce_sapling":18,"minecraft:stone_axe":63,"minecraft:iron_leggings":1},"minecraft:killed":{"minecraft:cave_spider":5,"minecraft:spider":3,"minecraft:vindicator":9,"minecraft:skeleton":2,"minecraft:pillager":11,"minecraft:zombie":1,"minecraft:drowned":4,"minecraft:wither_skeleton":32},"minecraft:custom":{"minecraft:mob_kills":68,"minecraft:interact_with_crafting_table":12,"minecraft:open_barrel":26,"minecraft:damage_dealt_resisted":4449,"minecraft:leave_game":5,"minecraft:time_since_death":54254,"minecraft:sleep_in_bed":5,"minecraft:climb_one_cm":3750,"minecraft:damage_resisted":4,"minecraft:time_since_rest":30560,"minecraft:sprint_one_cm":191457,"minecraft:damage_taken":2646,"minecraft:walk_one_cm":157971,"minecraft:damage_blocked_by_shield":1201,"minecraft:drop":8,"minecraft:damage_dealt":23336,"minecraft:swim_one_cm":126045,"minecraft:fly_one_cm":396679,"minecraft:open_chest":35,"minecraft:crouch_one_cm":8367,"minecraft:play_time":87511,"minecraft:deaths":2,"minecraft:sneak_time":4788,"minecraft:walk_under_water_one_cm":31848,"minecraft:boat_one_cm":38269,"minecraft:jump":1597,"minecraft:walk_on_water_one_cm":49681,"minecraft:total_world_time":87511,"minecraft:fall_one_cm":19452},"minecraft:crafted":{"minecraft:crimson_planks":12,"minecraft:diamond_sword":1,"minecraft:crafting_table":1,"minecraft:spruce_planks":148,"minecraft:iron_sword":1,"minecraft:stone_axe":1,"minecraft:bread":93,"minecraft:shield":2,"minecraft:iron_axe":1,"minecraft:stick":16,"minecraft:iron_pickaxe":2,"minecraft:gold_ingot":9,"minecraft:spruce_boat":1,"minecraft:wheat":315}},"DataVersion":3465}