{"stats":{"minecraft:mined":{"minecraft:tuff":2,"minecraft:deepslate_diamond_ore":2,"minecraft:crafting_table":3,"minecraft:torch":2,"minecraft:cave_vines_plant":1,"minecraft:tall_grass":1,"minecraft:cobblestone":2,"minecraft:deepslate_gold_ore":11,"minecraft:moss_block":4,"minecraft:wall_torch":1,"minecraft:furnace":2,"minecraft:birch_log":12,"minecraft:iron_ore":63,"minecraft:andesite":2,"minecraft:grass":4,"minecraft:coal_ore":29,"minecraft:cave_vines":2,"minecraft:deepslate_iron_ore":20,"minecraft:stone":41,"minecraft:deepslate":13},"minecraft:dropped":{"minecraft:granite":3},"minecraft:custom":{"minecraft:interact_with_furnace":11,"minecraft:mob_kills":14,"minecraft:interact_with_crafting_table":10,"minecraft:leave_game":2,"minecraft:time_since_death":57807,"minecraft:climb_one_cm":1060,"minecraft:time_since_rest":57807,"minecraft:sprint_one_cm":58957,"minecraft:damage_taken":775,"minecraft:walk_one_cm":117223,"minecraft:drop":1,"minecraft:damage_dealt":3023,"minecraft:swim_one_cm":4399,"minecraft:fly_one_cm":56769,"minecraft:crouch_one_cm":10519,"minecraft:play_time":57807,"minecraft:sneak_time":4588,"minecraft:walk_under_water_one_cm":5661,"minecraft:jump":569,"minecraft:walk_on_water_one_cm":23565,"minecraft:total_world_time":57807,"minecraft:fall_one_cm":13410},"minecraft:crafted":{"minecraft:crafting_table":1,"minecraft:wooden_pickaxe":1,"minecraft:iron_helmet":1,"minecraft:iron_sword":1,"minecraft:furnace":2,"minecraft:bucket":1,"minecraft:birch_planks":48,"minecraft:stone_axe":1,"minecraft:air":0,"minecraft:iron_boots":1,"minecraft:iron_chestplate":1,"minecraft:stick":12,"minecraft:iron_ingot":64,"minecraft:iron_pickaxe":1,"minecraft:stone_pickaxe":1,"minecraft:iron_leggings":1},"minecraft:used":{"minecraft:moss_block":4,"minecraft:water_bucket":5,"minecraft:stone_pickaxe":132,"minecraft:wooden_pickaxe":4,"minecraft:iron_sword":39,"minecraft:rotten_flesh":11,"minecraft:torch":3,"minecraft:glow_berries":56,"minecraft:crafting_table":3,"minecraft:tuff":2,"minecraft:granite":5,"minecraft:lava_bucket":12,"minecraft:iron_pickaxe":53,"minecraft:stone_axe":18,"minecraft:cobblestone":25,"minecraft:furnace":2,"minecraft:andesite":1,"minecraft:bucket":18,"minecraft:potato":2,"minecraft:cobbled_deepslate":3},"minecraft:broken":{"minecraft:stone_pickaxe":1},"minecraft:killed":{"minecraft:spider":1,"minecraft:skeleton":1,"minecraft:zombie":11,"minecraft:enderman":1},"minecraft:picked_up":{"minecraft:birch_log":12,"minecraft:crafting_table":3,"minecraft:andesite":1,"minecraft:potato":1,"minecraft:flint":1,"minecraft:tuff":2,"minecraft:bone":2,"minecraft:cobbled_deepslate":13,"minecraft:raw_gold":11,"minecraft:moss_block":4,"minecraft:furnace":2,"minecraft:raw_iron":83,"minecraft:torch":3,"minecraft:gravel":1,"minecraft:arrow":2,"minecraft:rotten_flesh":11,"minecraft:diamond":2,"minecraft:granite":8,"minecraft:glow_berries":39,"minecraft:coal":47,"minecraft:cobblestone":43}},"DataVersion":3465}