{"stats":{"minecraft:broken":{"minecraft:chainmail_helmet":1,"minecraft:chainmail_boots":1,"minecraft:shield":2,"minecraft:iron_sword":1},"minecraft:crafted":{"minecraft:diamond":9,"minecraft:diamond_leggings":1,"minecraft:diamond_helmet":1,"minecraft:bow":1,"minecraft:iron_axe":1,"minecraft:spruce_boat":1,"minecraft:dark_oak_planks":8,"minecraft:wheat":360,"minecraft:crimson_planks":12,"minecraft:diamond_sword":7,"minecraft:crafting_table":3,"minecraft:spruce_planks":148,"minecraft:iron_sword":1,"minecraft:bucket":1,"minecraft:birch_planks":40,"minecraft:stone_axe":1,"minecraft:bread":93,"minecraft:white_wool":4,"minecraft:shield":4,"minecraft:stick":16,"minecraft:iron_pickaxe":2,"minecraft:gold_ingot":45,"minecraft:white_bed":1,"minecraft:diamond_chestplate":1},"minecraft:killed_by":{"minecraft:player":2,"minecraft:vindicator":2},"minecraft:dropped":{"minecraft:iron_ingot":3,"minecraft:wheat_seeds":1,"minecraft:cobblestone":3,"minecraft:jungle_planks":1,"minecraft:chainmail_helmet":3,"minecraft:coal":1,"minecraft:emerald":9,"minecraft:chainmail_leggings":4,"minecraft:dark_oak_planks":2,"minecraft:string":3,"minecraft:beetroot_soup":2,"minecraft:bone":9,"minecraft:iron_boots":1,"minecraft:spruce_fence":9,"minecraft:chainmail_chestplate":2,"minecraft:sea_pickle":1,"minecraft:chainmail_boots":1,"minecraft:spider_eye":5,"minecraft:arrow":1},"minecraft:mined":{"minecraft:dark_oak_planks":15,"minecraft:spruce_planks":14,"minecraft:white_bed":6,"minecraft:deepslate_diamond_ore":12,"minecraft:cyan_stained_glass":1,"minecraft:stripped_crimson_hyphae":4,"minecraft:purple_terracotta":2,"minecraft:spruce_fence":17,"minecraft:jungle_planks":1,"minecraft:spruce_leaves":12,"minecraft:spawner":30,"minecraft:hay_block":93,"minecraft:furnace":1,"minecraft:fire":5,"minecraft:gold_block":1,"minecraft:oak_stairs":1,"minecraft:packed_ice":2,"minecraft:stone":6,"minecraft:tripwire":1,"minecraft:redstone_wall_torch":2,"minecraft:smoker":1,"minecraft:crafting_table":13,"minecraft:note_block":2,"minecraft:dark_oak_wood":3,"minecraft:blast_furnace":1,"minecraft:tall_grass":3,"minecraft:oak_planks":1,"minecraft:spruce_stairs":8,"minecraft:birch_planks":5,"minecraft:sea_pickle":1,"minecraft:spruce_log":37,"minecraft:birch_leaves":1,"minecraft:grass":4,"minecraft:gravel":2,"minecraft:cyan_carpet":7,"minecraft:smooth_quartz":67,"minecraft:cobweb":3,"minecraft:cracked_stone_bricks":3,"minecraft:stone_bricks":2,"minecraft:mossy_stone_bricks":6,"minecraft:oak_leaves":1,"minecraft:deepslate":7,"minecraft:suspicious_gravel":1},"minecraft:picked_up":{"minecraft:crafting_table":15,"minecraft:diamond_sword":17,"minecraft:oak_stairs":3,"minecraft:gold_block":1,"minecraft:string":183,"minecraft:beetroot_soup":1,"minecraft:experience_bottle":54,"minecraft:cyan_carpet":291,"minecraft:sea_pickle":1,"minecraft:cobbled_deepslate":6,"bosses_of_mass_destruction:soul_star":8,"minecraft:spruce_planks":9,"minecraft:redstone_torch":1,"minecraft:smooth_quartz":78,"minecraft:spruce_trapdoor":3,"minecraft:furnace":1,"minecraft:iron_boots":1,"minecraft:stripped_crimson_hyphae":3,"minecraft:stick":11,"minecraft:spruce_fence":16,"minecraft:note_block":2,"minecraft:spruce_stairs":10,"travelersbackpack:iron_tier_upgrade":1,"minecraft:purple_terracotta":2,"minecraft:dark_oak_planks":90,"minecraft:arrow":77,"artifacts:villager_hat":1,"minecraft:hay_block":91,"minecraft:cobblestone":6,"minecraft:enchanting_table":1,"minecraft:golden_carrot":3,"minecraft:smoker":1,"minecraft:birch_planks":4,"minecraft:chainmail_chestplate":1,"minecraft:gunpowder":2,"minecraft:wither_skeleton_skull":7,"minecraft:dirt":2,"minecraft:bone":323,"minecraft:wheat_seeds":1,"minecraft:birch_wood":10,"minecraft:iron_ingot":16,"minecraft:oak_planks":6,"minecraft:iron_sword":1,"minecraft:sweet_berries":5,"minecraft:jungle_planks":1,"minecraft:spruce_sapling":18,"minecraft:blast_furnace":1,"minecraft:white_bed":6,"minecraft:spruce_log":37,"minecraft:spider_eye":82,"minecraft:diamond":12,"minecraft:spruce_boat":3,"minecraft:emerald":14,"minecraft:bread":64,"minecraft:chainmail_helmet":1,"minecraft:dark_oak_wood":2,"minecraft:coal":82},"minecraft:custom":{"minecraft:mob_kills":493,"minecraft:interact_with_anvil":6,"minecraft:interact_with_crafting_table":21,"minecraft:open_barrel":46,"minecraft:damage_dealt_resisted":27479,"minecraft:leave_game":9,"minecraft:time_since_death":25895,"minecraft:climb_one_cm":10546,"minecraft:damage_resisted":4,"minecraft:sprint_one_cm":486296,"minecraft:walk_one_cm":630937,"minecraft:damage_blocked_by_shield":6902,"minecraft:drop":33,"minecraft:play_noteblock":5,"minecraft:play_time":260165,"minecraft:deaths":4,"minecraft:sneak_time":14183,"minecraft:walk_under_water_one_cm":38013,"minecraft:boat_one_cm":157858,"minecraft:jump":5298,"minecraft:interact_with_blast_furnace":1,"minecraft:walk_on_water_one_cm":63095,"minecraft:total_world_time":260165,"minecraft:interact_with_furnace":1,"minecraft:tune_noteblock":3,"minecraft:sleep_in_bed":7,"minecraft:time_since_rest":4582,"minecraft:damage_taken":11724,"minecraft:damage_dealt":176670,"minecraft:swim_one_cm":131255,"minecraft:fly_one_cm":786760,"minecraft:open_chest":106,"minecraft:crouch_one_cm":30301,"minecraft:interact_with_smoker":1,"minecraft:fall_one_cm":65445},"minecraft:killed":{"minecraft:cave_spider":93,"minecraft:vindicator":9,"minecraft:spider":125,"minecraft:skeleton":20,"minecraft:drowned":4,"artifacts:mimic":2,"minecraft:pillager":11,"minecraft:zombie":3,"minecraft:wither_skeleton":219},"minecraft:used":{"minecraft:flint_and_steel":15,"minecraft:spruce_planks":45,"minecraft:shield":331,"minecraft:iron_sword":466,"minecraft:chainmail_chestplate":1,"minecraft:spruce_stairs":5,"minecraft:spruce_fence":3,"minecraft:spruce_boat":3,"minecraft:dark_oak_planks":50,"minecraft:iron_axe":116,"minecraft:oak_stairs":2,"minecraft:iron_helmet":1,"minecraft:smooth_quartz":56,"minecraft:bow":69,"minecraft:hay_block":4,"minecraft:iron_leggings":1,"minecraft:water_bucket":12,"minecraft:birch_planks":32,"minecraft:oak_planks":1,"minecraft:chainmail_helmet":1,"minecraft:crafting_table":17,"minecraft:white_bed":5,"minecraft:purple_terracotta":2,"minecraft:bread":237,"minecraft:string":1,"minecraft:iron_pickaxe":149,"minecraft:cyan_carpet":1,"minecraft:spruce_sapling":18,"minecraft:stone_axe":63,"minecraft:diamond_sword":1961,"travelersbackpack:standard":1,"minecraft:bucket":13,"minecraft:experience_bottle":79}},"DataVersion":3465}