{"stats":{"minecraft:killed_by":{"minecraft:zombie":3},"minecraft:mined":{"minecraft:grass":1,"minecraft:grass_block":5,"minecraft:fern":1},"minecraft:used":{"minecraft:egg":1,"minecraft:dirt":6},"minecraft:picked_up":{"minecraft:dirt":6,"minecraft:egg":1},"minecraft:killed":{"minecraft:zombie":1},"minecraft:custom":{"minecraft:time_since_rest":3381,"minecraft:damage_dealt":232,"minecraft:damage_taken":735,"minecraft:leave_game":5,"minecraft:play_time":13665,"minecraft:sprint_one_cm":25165,"minecraft:time_since_death":1469,"minecraft:walk_one_cm":14788,"minecraft:deaths":3,"minecraft:total_world_time":13665,"minecraft:mob_kills":1,"minecraft:fly_one_cm":59720,"minecraft:fall_one_cm":2669,"minecraft:jump":164}},"DataVersion":3465}