{"stats":{"minecraft:killed":{"minecraft:cave_spider":3,"minecraft:salmon":1,"minecraft:spider":4,"minecraft:iron_golem":1,"minecraft:pillager":1},"minecraft:picked_up":{"minecraft:crafting_table":6,"minecraft:salmon":1,"minecraft:smithing_table":1,"minecraft:oak_stairs":1,"minecraft:string":7,"minecraft:red_carpet":3,"minecraft:cyan_carpet":2,"minecraft:wheat_seeds":1,"minecraft:spruce_planks":13,"minecraft:spruce_wood":16,"minecraft:iron_ingot":4,"minecraft:smooth_quartz":9,"minecraft:furnace":3,"minecraft:book":57,"minecraft:raw_iron":1,"minecraft:sweet_berries":65,"minecraft:torch":2,"minecraft:note_block":1,"minecraft:spruce_fence":1,"minecraft:stripped_spruce_log":5,"minecraft:blast_furnace":2,"minecraft:white_bed":4,"minecraft:spider_eye":3,"minecraft:spruce_door":1,"minecraft:dark_oak_planks":3,"minecraft:spruce_boat":6,"minecraft:hay_block":5,"minecraft:dark_oak_wood":1,"minecraft:coal":41,"minecraft:cobblestone":9},"minecraft:used":{"minecraft:stone_sword":4,"minecraft:stone_pickaxe":22,"minecraft:baked_potato":3,"minecraft:shield":6,"minecraft:chest":1,"minecraft:spruce_planks":27,"minecraft:wooden_pickaxe":8,"minecraft:cooked_salmon":4,"minecraft:torch":11,"minecraft:crafting_table":6,"minecraft:blast_furnace":1,"minecraft:white_bed":4,"minecraft:cod":1,"minecraft:spruce_boat":6,"minecraft:dark_oak_planks":5,"minecraft:wooden_axe":25,"minecraft:iron_axe":61,"minecraft:iron_pickaxe":11,"minecraft:stone_axe":11,"minecraft:cobblestone":1,"minecraft:sweet_berries":4,"minecraft:furnace":1,"minecraft:cooked_cod":1,"minecraft:golden_axe":14},"minecraft:crafted":{"minecraft:crafting_table":1,"minecraft:spruce_planks":84,"minecraft:wooden_pickaxe":1,"minecraft:baked_potato":23,"minecraft:cooked_salmon":4,"minecraft:stone_axe":1,"minecraft:bread":15,"minecraft:air":0,"minecraft:shield":1,"minecraft:iron_axe":1,"minecraft:stick":16,"minecraft:iron_ingot":1,"minecraft:stone_pickaxe":1,"minecraft:wooden_axe":1,"minecraft:stone_sword":1,"minecraft:chest":1,"minecraft:iron_leggings":1,"minecraft:spruce_boat":1,"minecraft:dark_oak_planks":4,"minecraft:torch":24,"minecraft:wheat":45},"minecraft:mined":{"minecraft:dark_oak_planks":3,"minecraft:smithing_table":1,"minecraft:spruce_planks":8,"minecraft:white_bed":4,"minecraft:note_block":1,"minecraft:crafting_table":6,"minecraft:dark_oak_wood":1,"minecraft:blast_furnace":2,"minecraft:spruce_fence":1,"minecraft:spruce_leaves":3,"minecraft:spawner":1,"minecraft:large_fern":1,"minecraft:hay_block":5,"minecraft:furnace":3,"minecraft:iron_ore":1,"minecraft:sweet_berry_bush":27,"minecraft:stripped_spruce_log":5,"minecraft:bookshelf":19,"minecraft:coal_ore":21,"minecraft:smooth_quartz":4,"minecraft:spruce_wood":16,"minecraft:stone":9,"minecraft:fern":2},"minecraft:custom":{"minecraft:interact_with_furnace":5,"minecraft:mob_kills":10,"minecraft:interact_with_crafting_table":12,"minecraft:open_barrel":12,"minecraft:leave_game":1,"minecraft:time_since_death":40611,"minecraft:sleep_in_bed":2,"minecraft:time_since_rest":7943,"minecraft:sprint_one_cm":115678,"minecraft:damage_taken":340,"minecraft:walk_one_cm":76281,"minecraft:damage_blocked_by_shield":110,"minecraft:drop":9,"minecraft:damage_dealt":4059,"minecraft:play_noteblock":2,"minecraft:talked_to_villager":4,"minecraft:swim_one_cm":27847,"minecraft:fly_one_cm":139895,"minecraft:open_chest":16,"minecraft:crouch_one_cm":265,"minecraft:play_time":40611,"minecraft:sneak_time":128,"minecraft:walk_under_water_one_cm":7488,"minecraft:boat_one_cm":146607,"minecraft:jump":560,"minecraft:interact_with_blast_furnace":3,"minecraft:walk_on_water_one_cm":19599,"minecraft:total_world_time":40611,"minecraft:interact_with_smoker":4,"minecraft:fall_one_cm":8330},"minecraft:dropped":{"minecraft:note_block":1,"minecraft:spruce_fence":1,"minecraft:red_carpet":3,"minecraft:smooth_quartz":7,"minecraft:oak_stairs":1,"minecraft:spider_eye":2,"minecraft:string":7,"minecraft:cyan_carpet":2}},"DataVersion":3465}