{"stats":{"minecraft:custom":{"minecraft:interact_with_crafting_table":70,"minecraft:open_barrel":23,"minecraft:open_shulker_box":11,"minecraft:leave_game":10,"minecraft:time_since_death":64718,"minecraft:sprint_one_cm":1052901,"minecraft:damage_blocked_by_shield":4809,"minecraft:drop":131,"minecraft:play_noteblock":2,"minecraft:talked_to_villager":158,"minecraft:play_time":609833,"minecraft:deaths":9,"minecraft:jump":8998,"minecraft:walk_on_water_one_cm":180049,"minecraft:enchant_item":18,"minecraft:interact_with_furnace":24,"minecraft:traded_with_villager":127,"minecraft:sleep_in_bed":11,"minecraft:damage_dealt":182245,"minecraft:player_kills":8,"minecraft:crouch_one_cm":57800,"minecraft:interact_with_smoker":5,"minecraft:interact_with_smithing_table":1,"minecraft:interact_with_anvil":13,"minecraft:mob_kills":634,"minecraft:inspect_hopper":1,"minecraft:damage_dealt_resisted":33449,"minecraft:climb_one_cm":8876,"minecraft:walk_one_cm":1701411,"minecraft:sneak_time":21547,"minecraft:walk_under_water_one_cm":108829,"minecraft:boat_one_cm":381049,"minecraft:interact_with_blast_furnace":17,"minecraft:total_world_time":609833,"minecraft:tune_noteblock":4,"minecraft:interact_with_grindstone":9,"minecraft:time_since_rest":33819,"minecraft:damage_taken":19876,"minecraft:damage_absorbed":1067,"minecraft:swim_one_cm":148136,"minecraft:fly_one_cm":2778750,"minecraft:open_chest":222,"minecraft:fall_one_cm":202415},"minecraft:killed":{"minecraft:cave_spider":96,"minecraft:witch":2,"minecraft:spider":108,"minecraft:skeleton":65,"minecraft:silverfish":4,"minecraft:piglin_brute":3,"artifacts:mimic":1,"minecraft:magma_cube":2,"minecraft:piglin":5,"minecraft:zombie_villager":2,"minecraft:salmon":1,"minecraft:iron_golem":4,"minecraft:ender_dragon":1,"minecraft:creeper":10,"minecraft:pillager":1,"minecraft:zombie":67,"minecraft:blaze":3,"minecraft:bat":1,"minecraft:hoglin":8,"minecraft:wither_skeleton":209,"minecraft:player":7,"minecraft:enderman":31},"minecraft:crafted":{"minecraft:grindstone":1,"minecraft:oak_planks":2472,"minecraft:barrel":14,"minecraft:blaze_powder":14,"minecraft:stone":3,"minecraft:lever":1,"minecraft:bookshelf":23,"minecraft:suspicious_stew":6,"minecraft:hopper":6,"minecraft:bow":2,"minecraft:diamond_helmet":2,"minecraft:diamond_leggings":1,"minecraft:iron_boots":1,"minecraft:chest":24,"minecraft:ender_eye":13,"minecraft:oak_slab":420,"minecraft:arrow":496,"minecraft:emerald":32,"minecraft:diamond_axe":1,"minecraft:crafting_table":6,"minecraft:spruce_planks":204,"minecraft:wooden_pickaxe":2,"minecraft:baked_potato":23,"minecraft:spruce_door":3,"minecraft:fletching_table":2,"minecraft:birch_planks":64,"minecraft:apple":64,"minecraft:lectern":2,"minecraft:diamond_pickaxe":2,"minecraft:shield":2,"minecraft:stick":72,"minecraft:stone_slab":6,"minecraft:iron_ingot":102,"minecraft:iron_block":6,"minecraft:stone_sword":1,"minecraft:gold_ingot":315,"minecraft:shears":1,"minecraft:golden_carrot":36,"minecraft:cobbled_deepslate_slab":6,"minecraft:cookie":144,"minecraft:tripwire_hook":2,"minecraft:furnace":3,"minecraft:oak_trapdoor":150,"minecraft:iron_axe":2,"minecraft:stone_pickaxe":1,"minecraft:diamond_boots":1,"minecraft:spruce_boat":2,"minecraft:dark_oak_planks":152,"minecraft:wheat":45,"minecraft:crimson_planks":36,"minecraft:diamond_sword":1,"minecraft:polished_blackstone_brick_slab":48,"minecraft:iron_sword":1,"minecraft:cooked_salmon":4,"minecraft:bucket":1,"minecraft:stone_axe":2,"minecraft:enchanted_book":5,"minecraft:bread":111,"minecraft:air":0,"minecraft:white_wool":3,"minecraft:golden_apple":49,"minecraft:wooden_axe":1,"minecraft:iron_leggings":2,"minecraft:anvil":2,"minecraft:white_bed":1,"minecraft:torch":168,"minecraft:diamond_chestplate":2},"minecraft:broken":{"minecraft:diamond_helmet":1,"minecraft:iron_chestplate":1,"minecraft:diamond_boots":1,"minecraft:diamond_sword":1,"minecraft:diamond_chestplate":1,"minecraft:chainmail_leggings":1,"minecraft:stone_sword":1,"minecraft:diamond_leggings":1,"minecraft:iron_axe":1,"minecraft:iron_helmet":1},"minecraft:used":{"minecraft:chest":19,"minecraft:shield":108,"minecraft:iron_sword":114,"minecraft:spruce_boat":9,"minecraft:bow":387,"minecraft:sweet_berries":37,"minecraft:furnace":5,"minecraft:cooked_cod":1,"minecraft:damaged_anvil":2,"minecraft:spruce_door":1,"minecraft:stone_pickaxe":22,"minecraft:oak_planks":1385,"minecraft:ender_pearl":1,"minecraft:wooden_pickaxe":18,"minecraft:chainmail_helmet":1,"minecraft:diamond_axe":723,"minecraft:golden_apple":29,"minecraft:blast_furnace":3,"minecraft:shears":3,"minecraft:lever":1,"minecraft:bread":245,"minecraft:string":6,"minecraft:lectern":102,"minecraft:diamond_sword":2410,"minecraft:grindstone":2,"minecraft:experience_bottle":64,"minecraft:oak_trapdoor":131,"minecraft:polished_blackstone_brick_slab":19,"minecraft:enchanting_table":1,"minecraft:stone_sword":131,"minecraft:spruce_planks":204,"minecraft:cooked_salmon":4,"minecraft:netherrack":592,"minecraft:torch":130,"minecraft:dirt":6,"minecraft:anvil":2,"minecraft:hopper":11,"minecraft:shulker_box":2,"minecraft:dark_oak_planks":88,"minecraft:wooden_axe":25,"minecraft:bookshelf":21,"minecraft:iron_axe":319,"minecraft:smooth_quartz":42,"minecraft:crimson_planks":1,"minecraft:barrel":6,"minecraft:diamond_chestplate":1,"minecraft:tripwire_hook":2,"minecraft:golden_carrot":28,"minecraft:cobbled_deepslate":96,"minecraft:golden_axe":14,"minecraft:water_bucket":251,"minecraft:birch_planks":78,"minecraft:baked_potato":20,"minecraft:fletching_table":5,"minecraft:oak_slab":258,"minecraft:crafting_table":23,"minecraft:white_bed":6,"minecraft:cod":1,"minecraft:ender_eye":24,"minecraft:diamond_pickaxe":1486,"minecraft:diamond_shovel":36,"minecraft:iron_pickaxe":216,"minecraft:stone_axe":73,"minecraft:cobblestone":20,"minecraft:cobbled_deepslate_slab":12,"minecraft:bucket":252,"minecraft:yellow_bed":1},"minecraft:picked_up":{"minecraft:wheat":12,"minecraft:chainmail_boots":2,"minecraft:flower_pot":1,"minecraft:smithing_table":2,"minecraft:diamond_sword":10,"minecraft:oak_stairs":4,"artifacts:chorus_totem":1,"minecraft:brewing_stand":2,"minecraft:golden_sword":1,"minecraft:string":342,"minecraft:cobbled_deepslate":137,"bosses_of_mass_destruction:soul_star":1,"minecraft:spruce_planks":70,"minecraft:redstone_torch":2,"minecraft:rose_bush":2,"minecraft:ender_eye":11,"minecraft:smooth_quartz":80,"minecraft:furnace":4,"minecraft:polished_blackstone_brick_slab":10,"minecraft:stick":84,"minecraft:torch":21,"minecraft:spruce_stairs":1,"minecraft:porkchop":23,"minecraft:rotten_flesh":28,"minecraft:blaze_rod":10,"minecraft:obsidian":11,"minecraft:cobblestone":89,"minecraft:enchanting_table":3,"minecraft:magma_block":3,"minecraft:iron_door":1,"minecraft:water_bucket":2,"minecraft:andesite":7,"minecraft:flint":3,"minecraft:tuff":3,"minecraft:wither_skeleton_skull":2,"minecraft:lapis_lazuli":228,"minecraft:dirt":30,"minecraft:bone":198,"minecraft:bow":2,"minecraft:wheat_seeds":11,"minecraft:cobbled_deepslate_slab":1,"minecraft:birch_wood":17,"minecraft:grindstone":1,"minecraft:mossy_stone_bricks":4,"minecraft:fletching_table":3,"minecraft:oak_planks":106,"artifacts:rooted_boots":1,"minecraft:stripped_spruce_log":5,"minecraft:dead_bush":1,"minecraft:barrel":4,"minecraft:shulker_box":2,"minecraft:dark_prismarine":1,"minecraft:sugar":2,"minecraft:diamond":52,"minecraft:spruce_boat":9,"minecraft:cracked_polished_blackstone_bricks":7,"minecraft:granite":1,"minecraft:emerald":11,"minecraft:bread":2,"minecraft:oak_sapling":130,"minecraft:netherrack":605,"minecraft:crimson_roots":5,"minecraft:crafting_table":23,"minecraft:gold_block":30,"minecraft:cornflower":1,"minecraft:oak_trapdoor":1,"minecraft:blackstone":12,"minecraft:cyan_carpet":214,"minecraft:cracked_stone_bricks":3,"minecraft:cyan_wool":1,"minecraft:poppy":2,"minecraft:lectern":101,"minecraft:chest":1,"minecraft:egg":6,"minecraft:raw_iron":310,"minecraft:end_stone":8,"minecraft:note_block":1,"minecraft:spruce_fence":8,"minecraft:polished_blackstone_bricks":26,"minecraft:dark_oak_planks":23,"minecraft:arrow":87,"minecraft:hay_block":5,"minecraft:crimson_stem":9,"minecraft:salmon":1,"minecraft:birch_planks":15,"minecraft:oak_log":495,"minecraft:chainmail_chestplate":1,"minecraft:yellow_bed":2,"minecraft:red_carpet":3,"minecraft:apple":16,"minecraft:stone_bricks":4,"minecraft:kelp":1,"minecraft:spruce_wood":30,"minecraft:iron_ingot":17,"minecraft:book":153,"minecraft:oak_slab":18,"artifacts:obsidian_skull":1,"minecraft:sweet_berries":70,"minecraft:gravel":16,"minecraft:blast_furnace":4,"minecraft:white_bed":5,"minecraft:dragon_egg":1,"minecraft:spruce_door":1,"minecraft:spider_eye":27,"minecraft:oak_wood":5,"minecraft:diamond_axe":1,"minecraft:warped_roots":3,"minecraft:damaged_anvil":2,"minecraft:warped_nylium":9,"minecraft:dark_oak_wood":42,"minecraft:coal":116,"minecraft:hopper":5,"minecraft:ender_pearl":14},"minecraft:mined":{"minecraft:dark_oak_planks":23,"minecraft:spruce_planks":70,"minecraft:white_bed":5,"minecraft:brewing_stand":2,"minecraft:obsidian":11,"minecraft:spruce_trapdoor":3,"minecraft:potted_dead_bush":1,"minecraft:granite":1,"minecraft:grass_block":16,"minecraft:cracked_polished_blackstone_bricks":5,"minecraft:polished_blackstone_brick_slab":10,"minecraft:hopper":3,"minecraft:spawner":45,"minecraft:polished_blackstone_bricks":30,"minecraft:magma_block":3,"minecraft:barrel":4,"minecraft:iron_ore":129,"minecraft:cobbled_deepslate":5,"minecraft:fire":4,"minecraft:fletching_table":3,"minecraft:deepslate_lapis_ore":12,"minecraft:enchanting_table":3,"minecraft:oak_stairs":3,"minecraft:green_carpet":2,"minecraft:spruce_wood":30,"minecraft:blackstone":9,"minecraft:crimson_nylium":22,"minecraft:torch":8,"minecraft:note_block":1,"minecraft:dark_oak_wood":45,"minecraft:blast_furnace":4,"minecraft:chest":1,"minecraft:nether_quartz_ore":1,"minecraft:cobblestone":10,"minecraft:birch_wood":30,"minecraft:grindstone":1,"minecraft:oak_planks":38,"minecraft:damaged_anvil":2,"minecraft:iron_door":1,"minecraft:wall_torch":3,"minecraft:cyan_wool":1,"minecraft:warped_nylium":4,"minecraft:grass":39,"minecraft:oak_log":487,"minecraft:dirt":20,"minecraft:smooth_quartz":109,"minecraft:netherrack":957,"minecraft:oak_leaves":10,"minecraft:deepslate":122,"minecraft:dark_prismarine":1,"minecraft:red_carpet":2,"minecraft:deepslate_diamond_ore":33,"minecraft:shulker_box":2,"minecraft:end_stone":4,"minecraft:nether_bricks":4,"minecraft:cobbled_deepslate_slab":6,"minecraft:spruce_fence":19,"minecraft:crimson_roots":4,"minecraft:spruce_leaves":8,"minecraft:crimson_stem":8,"minecraft:large_fern":1,"minecraft:hay_block":5,"minecraft:oak_trapdoor":1,"minecraft:furnace":4,"minecraft:andesite":7,"minecraft:stripped_spruce_log":5,"minecraft:gold_block":26,"minecraft:bookshelf":55,"minecraft:deepslate_iron_ore":17,"minecraft:stone":79,"minecraft:redstone_wall_torch":1,"minecraft:smithing_table":3,"minecraft:oak_slab":10,"minecraft:crafting_table":23,"minecraft:cornflower":1,"minecraft:oak_wood":6,"minecraft:rose_bush":1,"minecraft:lectern":101,"minecraft:tall_grass":6,"minecraft:lapis_ore":10,"minecraft:spruce_stairs":3,"minecraft:birch_planks":15,"minecraft:sweet_berry_bush":29,"minecraft:ice":1,"minecraft:birch_leaves":1,"minecraft:yellow_bed":2,"minecraft:coal_ore":28,"minecraft:gravel":23,"minecraft:cyan_carpet":35,"minecraft:cobweb":7,"minecraft:cracked_stone_bricks":3,"minecraft:stone_bricks":7,"minecraft:mossy_stone_bricks":4,"minecraft:fern":2},"minecraft:killed_by":{"minecraft:wither_skeleton":1,"minecraft:zombie":1,"minecraft:player":7},"minecraft:dropped":{"minecraft:iron_sword":1,"minecraft:diamond_axe":1,"minecraft:lapis_lazuli":27,"minecraft:oak_log":63,"minecraft:baked_potato":3,"minecraft:crafting_table":2,"minecraft:warped_roots":3,"travelersbackpack:iron_tier_upgrade":1,"minecraft:red_carpet":3,"minecraft:dirt":2,"minecraft:cornflower":1,"minecraft:crimson_roots":5,"minecraft:sugar":2,"minecraft:dark_oak_planks":74,"minecraft:cyan_carpet":122,"minecraft:bone":179,"minecraft:gravel":15,"minecraft:note_block":1,"minecraft:blackstone":6,"minecraft:cobbled_deepslate":7,"minecraft:rotten_flesh":6,"minecraft:oak_planks":78,"minecraft:end_stone":4,"minecraft:chainmail_chestplate":2,"minecraft:poppy":2,"minecraft:chainmail_boots":2,"minecraft:arrow":64,"minecraft:netherrack":2,"minecraft:enchanting_table":1,"minecraft:egg":2,"minecraft:water_bucket":3,"minecraft:iron_ingot":16,"minecraft:bread":64,"minecraft:oak_slab":128,"minecraft:wheat_seeds":5,"minecraft:cobblestone":2,"minecraft:chainmail_helmet":1,"minecraft:stick":2,"minecraft:golden_carrot":55,"artifacts:obsidian_skull":1,"minecraft:rose_bush":1,"minecraft:smooth_quartz":16,"minecraft:iron_door":1,"minecraft:dead_bush":1,"minecraft:iron_leggings":2,"minecraft:oak_stairs":3,"artifacts:rooted_boots":1,"minecraft:string":25,"minecraft:kelp":1,"minecraft:sweet_berries":5,"minecraft:tuff":3,"minecraft:experience_bottle":54,"minecraft:iron_boots":1,"minecraft:spruce_fence":5,"minecraft:flint_and_steel":1,"minecraft:suspicious_stew":6,"minecraft:diamond_sword":5,"minecraft:shield":1,"minecraft:flower_pot":1,"minecraft:dragon_egg":1,"artifacts:steadfast_spikes":1,"minecraft:mossy_stone_bricks":1,"minecraft:oak_sapling":127,"minecraft:golden_sword":1,"minecraft:redstone_torch":1,"minecraft:spider_eye":4,"minecraft:bow":2,"minecraft:wooden_pickaxe":1,"minecraft:magma_block":1,"minecraft:dark_prismarine":1}},"DataVersion":3465}