{"stats":{"minecraft:broken":{"minecraft:stone_sword":1,"minecraft:iron_chestplate":1,"minecraft:iron_axe":1,"minecraft:iron_helmet":1},"minecraft:crafted":{"minecraft:oak_planks":20,"minecraft:bow":1,"minecraft:iron_axe":2,"minecraft:stone_pickaxe":1,"minecraft:chest":1,"minecraft:spruce_boat":1,"minecraft:dark_oak_planks":84,"minecraft:wheat":45,"minecraft:arrow":128,"minecraft:crafting_table":3,"minecraft:spruce_planks":148,"minecraft:baked_potato":23,"minecraft:wooden_pickaxe":1,"minecraft:iron_sword":1,"minecraft:spruce_door":3,"minecraft:cooked_salmon":4,"minecraft:fletching_table":1,"minecraft:bucket":1,"minecraft:birch_planks":64,"minecraft:stone_axe":1,"minecraft:bread":15,"minecraft:air":0,"minecraft:shield":1,"minecraft:stick":44,"minecraft:iron_ingot":1,"minecraft:wooden_axe":1,"minecraft:stone_sword":1,"minecraft:iron_leggings":1,"minecraft:torch":124},"minecraft:dropped":{"minecraft:iron_ingot":16,"minecraft:bread":64,"minecraft:iron_sword":1,"minecraft:baked_potato":3,"minecraft:crafting_table":2,"travelersbackpack:iron_tier_upgrade":1,"minecraft:red_carpet":3,"minecraft:cornflower":1,"minecraft:smooth_quartz":7,"minecraft:iron_leggings":1,"minecraft:oak_stairs":3,"minecraft:string":23,"minecraft:dark_oak_planks":19,"minecraft:cyan_carpet":108,"minecraft:note_block":1,"minecraft:rotten_flesh":2,"minecraft:oak_planks":12,"minecraft:spruce_fence":3,"minecraft:chainmail_chestplate":1,"minecraft:diamond_sword":2,"minecraft:poppy":2,"minecraft:redstone_torch":1,"minecraft:spider_eye":2,"minecraft:enchanting_table":1},"minecraft:mined":{"minecraft:dark_oak_planks":16,"minecraft:red_carpet":2,"minecraft:spruce_planks":57,"minecraft:white_bed":4,"minecraft:spruce_trapdoor":3,"minecraft:spruce_fence":17,"minecraft:spruce_leaves":3,"minecraft:spawner":35,"minecraft:large_fern":1,"minecraft:hay_block":5,"minecraft:furnace":3,"minecraft:iron_ore":1,"minecraft:stripped_spruce_log":5,"minecraft:enchanting_table":2,"minecraft:bookshelf":32,"minecraft:oak_stairs":2,"minecraft:spruce_wood":16,"minecraft:stone":9,"minecraft:redstone_wall_torch":1,"minecraft:smithing_table":1,"minecraft:crafting_table":11,"minecraft:cornflower":1,"minecraft:note_block":1,"minecraft:dark_oak_wood":28,"minecraft:blast_furnace":2,"minecraft:oak_wood":6,"minecraft:birch_wood":30,"minecraft:oak_planks":5,"minecraft:wall_torch":2,"minecraft:spruce_stairs":3,"minecraft:birch_planks":9,"minecraft:sweet_berry_bush":28,"minecraft:coal_ore":21,"minecraft:gravel":2,"minecraft:cyan_carpet":31,"minecraft:dirt":5,"minecraft:smooth_quartz":85,"minecraft:cobweb":4,"minecraft:fern":2},"minecraft:picked_up":{"minecraft:crafting_table":11,"minecraft:smithing_table":1,"minecraft:diamond_sword":6,"minecraft:oak_stairs":3,"minecraft:cornflower":1,"minecraft:string":129,"minecraft:cyan_carpet":125,"minecraft:spruce_planks":57,"minecraft:redstone_torch":2,"minecraft:poppy":2,"minecraft:smooth_quartz":64,"minecraft:furnace":3,"minecraft:raw_iron":1,"minecraft:torch":8,"minecraft:spruce_fence":7,"minecraft:note_block":1,"minecraft:dark_oak_planks":16,"minecraft:arrow":68,"minecraft:rotten_flesh":2,"minecraft:hay_block":5,"minecraft:cobblestone":9,"minecraft:enchanting_table":2,"minecraft:salmon":1,"minecraft:birch_planks":9,"minecraft:flint":1,"minecraft:wither_skeleton_skull":2,"minecraft:dirt":3,"minecraft:red_carpet":3,"minecraft:bone":158,"minecraft:wheat_seeds":1,"minecraft:birch_wood":17,"minecraft:spruce_wood":16,"minecraft:iron_ingot":10,"minecraft:oak_planks":8,"minecraft:book":84,"minecraft:sweet_berries":65,"minecraft:gravel":1,"minecraft:stripped_spruce_log":5,"minecraft:blast_furnace":2,"minecraft:white_bed":4,"minecraft:spider_eye":12,"minecraft:spruce_door":1,"minecraft:oak_wood":5,"minecraft:spruce_boat":6,"minecraft:dark_oak_wood":25,"minecraft:coal":85},"minecraft:custom":{"minecraft:interact_with_anvil":1,"minecraft:mob_kills":385,"minecraft:interact_with_crafting_table":17,"minecraft:open_barrel":12,"minecraft:damage_dealt_resisted":29444,"minecraft:leave_game":3,"minecraft:time_since_death":220215,"minecraft:climb_one_cm":6174,"minecraft:sprint_one_cm":247962,"minecraft:walk_one_cm":605839,"minecraft:damage_blocked_by_shield":1276,"minecraft:drop":38,"minecraft:play_noteblock":2,"minecraft:talked_to_villager":9,"minecraft:play_time":220215,"minecraft:sneak_time":5057,"minecraft:walk_under_water_one_cm":17120,"minecraft:boat_one_cm":146607,"minecraft:jump":1934,"minecraft:interact_with_blast_furnace":4,"minecraft:walk_on_water_one_cm":123478,"minecraft:total_world_time":220215,"minecraft:interact_with_furnace":6,"minecraft:traded_with_villager":9,"minecraft:sleep_in_bed":3,"minecraft:time_since_rest":150466,"minecraft:damage_taken":6143,"minecraft:damage_dealt":113746,"minecraft:swim_one_cm":41348,"minecraft:fly_one_cm":267392,"minecraft:open_chest":67,"minecraft:crouch_one_cm":6501,"minecraft:interact_with_smoker":5,"minecraft:fall_one_cm":18746},"minecraft:killed":{"minecraft:cave_spider":80,"minecraft:spider":73,"minecraft:skeleton":38,"minecraft:salmon":1,"minecraft:iron_golem":2,"minecraft:bat":1,"minecraft:pillager":1,"minecraft:zombie":3,"minecraft:wither_skeleton":180},"minecraft:used":{"minecraft:stone_sword":131,"minecraft:chest":1,"minecraft:spruce_planks":162,"minecraft:shield":44,"minecraft:iron_sword":114,"minecraft:cooked_salmon":4,"minecraft:torch":78,"minecraft:spruce_boat":6,"minecraft:dark_oak_planks":70,"minecraft:wooden_axe":25,"minecraft:iron_axe":263,"minecraft:smooth_quartz":40,"minecraft:bow":195,"minecraft:sweet_berries":37,"minecraft:furnace":1,"minecraft:cooked_cod":1,"minecraft:golden_axe":14,"minecraft:water_bucket":27,"minecraft:spruce_door":1,"minecraft:birch_planks":55,"minecraft:stone_pickaxe":22,"minecraft:baked_potato":20,"minecraft:wooden_pickaxe":8,"minecraft:chainmail_helmet":1,"minecraft:fletching_table":1,"minecraft:crafting_table":11,"minecraft:blast_furnace":1,"minecraft:white_bed":4,"minecraft:cod":1,"minecraft:bread":95,"minecraft:iron_pickaxe":129,"minecraft:stone_axe":11,"minecraft:diamond_sword":1457,"minecraft:cobblestone":1,"minecraft:bucket":28}},"DataVersion":3465}