{"stats":{"minecraft:broken":{"minecraft:chainmail_leggings":1,"minecraft:stone_sword":1,"minecraft:iron_chestplate":1,"minecraft:iron_axe":1,"minecraft:iron_helmet":1,"minecraft:diamond_sword":1},"minecraft:killed_by":{"minecraft:wither_skeleton":1},"minecraft:crafted":{"minecraft:oak_planks":20,"minecraft:iron_boots":1,"minecraft:bow":1,"minecraft:iron_axe":2,"minecraft:stone_pickaxe":1,"minecraft:chest":1,"minecraft:spruce_boat":2,"minecraft:dark_oak_planks":152,"minecraft:wheat":45,"minecraft:arrow":128,"minecraft:crafting_table":4,"minecraft:spruce_planks":204,"minecraft:baked_potato":23,"minecraft:wooden_pickaxe":2,"minecraft:iron_sword":1,"minecraft:spruce_door":3,"minecraft:cooked_salmon":4,"minecraft:fletching_table":1,"minecraft:bucket":1,"minecraft:birch_planks":64,"minecraft:stone_axe":2,"minecraft:bread":15,"minecraft:air":0,"minecraft:shield":1,"minecraft:stick":56,"minecraft:iron_ingot":1,"minecraft:wooden_axe":1,"minecraft:stone_sword":1,"minecraft:iron_leggings":2,"minecraft:torch":124},"minecraft:dropped":{"minecraft:iron_ingot":16,"minecraft:bread":64,"minecraft:iron_sword":1,"minecraft:baked_potato":3,"minecraft:crafting_table":2,"travelersbackpack:iron_tier_upgrade":1,"minecraft:red_carpet":3,"minecraft:cornflower":1,"minecraft:rose_bush":1,"minecraft:smooth_quartz":16,"minecraft:iron_leggings":2,"minecraft:oak_stairs":3,"minecraft:string":23,"minecraft:dark_oak_planks":74,"minecraft:cyan_carpet":112,"minecraft:note_block":1,"minecraft:experience_bottle":54,"minecraft:rotten_flesh":3,"minecraft:iron_boots":1,"minecraft:oak_planks":12,"minecraft:spruce_fence":5,"minecraft:chainmail_chestplate":1,"minecraft:diamond_sword":3,"minecraft:poppy":2,"minecraft:chainmail_boots":1,"minecraft:redstone_torch":1,"minecraft:spider_eye":2,"minecraft:wooden_pickaxe":1,"minecraft:dark_prismarine":1,"minecraft:enchanting_table":1},"minecraft:mined":{"minecraft:dark_oak_planks":23,"minecraft:dark_prismarine":1,"minecraft:red_carpet":2,"minecraft:spruce_planks":70,"minecraft:white_bed":4,"minecraft:spruce_trapdoor":3,"minecraft:spruce_fence":19,"minecraft:spruce_leaves":8,"minecraft:spawner":44,"minecraft:large_fern":1,"minecraft:hay_block":5,"minecraft:furnace":3,"minecraft:iron_ore":1,"minecraft:stripped_spruce_log":5,"minecraft:enchanting_table":2,"minecraft:bookshelf":32,"minecraft:oak_stairs":2,"minecraft:spruce_wood":30,"minecraft:stone":12,"minecraft:redstone_wall_torch":1,"minecraft:smithing_table":1,"minecraft:crafting_table":15,"minecraft:cornflower":1,"minecraft:note_block":1,"minecraft:dark_oak_wood":45,"minecraft:blast_furnace":2,"minecraft:oak_wood":6,"minecraft:rose_bush":1,"minecraft:birch_wood":30,"minecraft:oak_planks":5,"minecraft:wall_torch":2,"minecraft:spruce_stairs":3,"minecraft:cyan_wool":1,"minecraft:birch_planks":15,"minecraft:sweet_berry_bush":29,"minecraft:coal_ore":21,"minecraft:gravel":2,"minecraft:cyan_carpet":35,"minecraft:dirt":5,"minecraft:smooth_quartz":109,"minecraft:cobweb":4,"minecraft:fern":2},"minecraft:picked_up":{"minecraft:crafting_table":15,"minecraft:chainmail_boots":1,"minecraft:smithing_table":1,"minecraft:diamond_sword":8,"minecraft:oak_stairs":3,"minecraft:cornflower":1,"minecraft:string":175,"minecraft:cyan_carpet":140,"bosses_of_mass_destruction:soul_star":1,"minecraft:spruce_planks":70,"minecraft:rose_bush":2,"minecraft:redstone_torch":2,"minecraft:cyan_wool":1,"minecraft:poppy":2,"minecraft:smooth_quartz":80,"minecraft:furnace":3,"minecraft:raw_iron":1,"minecraft:torch":8,"minecraft:note_block":1,"minecraft:spruce_fence":8,"minecraft:dark_oak_planks":23,"minecraft:arrow":80,"minecraft:rotten_flesh":3,"minecraft:hay_block":5,"minecraft:cobblestone":12,"minecraft:enchanting_table":2,"minecraft:salmon":1,"minecraft:birch_planks":15,"minecraft:flint":1,"minecraft:wither_skeleton_skull":2,"minecraft:dirt":3,"minecraft:red_carpet":3,"minecraft:bone":189,"minecraft:wheat_seeds":1,"minecraft:spruce_wood":30,"minecraft:birch_wood":17,"minecraft:iron_ingot":10,"minecraft:oak_planks":8,"minecraft:book":84,"minecraft:sweet_berries":70,"minecraft:gravel":1,"minecraft:stripped_spruce_log":5,"minecraft:blast_furnace":2,"minecraft:white_bed":4,"minecraft:spruce_door":1,"minecraft:spider_eye":23,"minecraft:dark_prismarine":1,"minecraft:oak_wood":5,"minecraft:spruce_boat":6,"minecraft:dark_oak_wood":42,"minecraft:coal":95},"minecraft:custom":{"minecraft:mob_kills":467,"minecraft:interact_with_anvil":1,"minecraft:interact_with_crafting_table":22,"minecraft:open_barrel":12,"minecraft:damage_dealt_resisted":33449,"minecraft:leave_game":4,"minecraft:time_since_death":36545,"minecraft:climb_one_cm":6822,"minecraft:sprint_one_cm":355910,"minecraft:walk_one_cm":743854,"minecraft:damage_blocked_by_shield":2835,"minecraft:drop":51,"minecraft:play_noteblock":2,"minecraft:talked_to_villager":9,"minecraft:play_time":268055,"minecraft:deaths":1,"minecraft:sneak_time":5946,"minecraft:walk_under_water_one_cm":19694,"minecraft:boat_one_cm":146607,"minecraft:jump":2589,"minecraft:interact_with_blast_furnace":4,"minecraft:walk_on_water_one_cm":139552,"minecraft:total_world_time":268055,"minecraft:interact_with_furnace":6,"minecraft:traded_with_villager":9,"minecraft:tune_noteblock":4,"minecraft:sleep_in_bed":4,"minecraft:time_since_rest":11101,"minecraft:damage_taken":8121,"minecraft:damage_absorbed":14,"minecraft:damage_dealt":146699,"minecraft:swim_one_cm":41348,"minecraft:fly_one_cm":358326,"minecraft:open_chest":95,"minecraft:crouch_one_cm":8380,"minecraft:interact_with_smoker":5,"minecraft:fall_one_cm":26088},"minecraft:killed":{"minecraft:cave_spider":95,"minecraft:spider":102,"minecraft:skeleton":43,"minecraft:salmon":1,"minecraft:iron_golem":2,"minecraft:bat":1,"minecraft:creeper":2,"minecraft:pillager":1,"minecraft:zombie":5,"minecraft:wither_skeleton":209},"minecraft:used":{"minecraft:stone_sword":131,"minecraft:chest":1,"minecraft:spruce_planks":196,"minecraft:shield":79,"minecraft:iron_sword":114,"minecraft:cooked_salmon":4,"minecraft:torch":78,"minecraft:spruce_boat":6,"minecraft:dark_oak_planks":88,"minecraft:wooden_axe":25,"minecraft:iron_axe":271,"minecraft:smooth_quartz":42,"minecraft:bow":210,"minecraft:sweet_berries":37,"minecraft:furnace":1,"minecraft:cooked_cod":1,"minecraft:golden_axe":14,"minecraft:water_bucket":41,"minecraft:spruce_door":1,"minecraft:birch_planks":78,"minecraft:stone_pickaxe":22,"minecraft:baked_potato":20,"minecraft:wooden_pickaxe":18,"minecraft:chainmail_helmet":1,"minecraft:fletching_table":1,"minecraft:golden_apple":1,"minecraft:crafting_table":13,"minecraft:blast_furnace":1,"minecraft:white_bed":4,"minecraft:cod":1,"minecraft:bread":129,"minecraft:iron_pickaxe":158,"minecraft:stone_axe":58,"minecraft:diamond_sword":1867,"minecraft:cobblestone":1,"minecraft:bucket":42,"minecraft:experience_bottle":64}},"DataVersion":3465}