{"stats":{"minecraft:killed":{"minecraft:pillager":1,"minecraft:salmon":1,"minecraft:iron_golem":1},"minecraft:picked_up":{"minecraft:crafting_table":4,"minecraft:salmon":1,"minecraft:stripped_spruce_log":5,"minecraft:blast_furnace":2,"minecraft:white_bed":1,"minecraft:spruce_door":1,"minecraft:spruce_boat":1,"minecraft:spruce_planks":5,"minecraft:iron_ingot":4,"minecraft:coal":15,"minecraft:cobblestone":7,"minecraft:furnace":1},"minecraft:used":{"minecraft:spruce_boat":2,"minecraft:wooden_axe":25,"minecraft:stone_pickaxe":17,"minecraft:spruce_planks":3,"minecraft:wooden_pickaxe":8,"minecraft:stone_axe":5,"minecraft:cobblestone":1,"minecraft:crafting_table":3,"minecraft:cooked_cod":1},"minecraft:crafted":{"minecraft:crafting_table":1,"minecraft:spruce_planks":20,"minecraft:stick":8,"minecraft:wooden_pickaxe":1,"minecraft:stone_pickaxe":1,"minecraft:wooden_axe":1,"minecraft:spruce_boat":1,"minecraft:stone_axe":1},"minecraft:mined":{"minecraft:spruce_planks":5,"minecraft:white_bed":1,"minecraft:furnace":1,"minecraft:stripped_spruce_log":5,"minecraft:crafting_table":4,"minecraft:blast_furnace":2,"minecraft:coal_ore":15,"minecraft:stone":7},"minecraft:custom":{"minecraft:time_since_rest":8586,"minecraft:sprint_one_cm":17381,"minecraft:damage_taken":60,"minecraft:walk_one_cm":17433,"minecraft:mob_kills":3,"minecraft:damage_dealt":1128,"minecraft:swim_one_cm":8160,"minecraft:interact_with_crafting_table":4,"minecraft:talked_to_villager":1,"minecraft:fly_one_cm":31300,"minecraft:open_barrel":12,"minecraft:open_chest":2,"minecraft:crouch_one_cm":98,"minecraft:play_time":8586,"minecraft:sneak_time":23,"minecraft:walk_under_water_one_cm":1076,"minecraft:boat_one_cm":48071,"minecraft:jump":133,"minecraft:walk_on_water_one_cm":610,"minecraft:time_since_death":8586,"minecraft:total_world_time":8586,"minecraft:fall_one_cm":2460}},"DataVersion":3465}