{"stats":{"minecraft:killed":{"minecraft:pillager":1,"minecraft:salmon":1,"minecraft:iron_golem":1},"minecraft:picked_up":{"minecraft:raw_iron":1,"minecraft:crafting_table":4,"minecraft:sweet_berries":65,"minecraft:salmon":1,"minecraft:smithing_table":1,"minecraft:stripped_spruce_log":5,"minecraft:blast_furnace":2,"minecraft:white_bed":2,"minecraft:dark_oak_planks":2,"minecraft:spruce_door":1,"minecraft:spruce_boat":6,"minecraft:wheat_seeds":1,"minecraft:spruce_planks":5,"minecraft:spruce_wood":16,"minecraft:iron_ingot":4,"minecraft:smooth_quartz":2,"minecraft:dark_oak_wood":1,"minecraft:coal":35,"minecraft:cobblestone":7,"minecraft:furnace":3},"minecraft:used":{"minecraft:spruce_boat":6,"minecraft:wooden_axe":25,"minecraft:dark_oak_planks":3,"minecraft:stone_pickaxe":22,"minecraft:spruce_planks":3,"minecraft:wooden_pickaxe":8,"minecraft:cooked_salmon":2,"minecraft:stone_axe":11,"minecraft:cobblestone":1,"minecraft:sweet_berries":3,"minecraft:crafting_table":3,"minecraft:furnace":1,"minecraft:cooked_cod":1,"minecraft:white_bed":1,"minecraft:cod":1,"minecraft:golden_axe":14},"minecraft:crafted":{"minecraft:crafting_table":1,"minecraft:spruce_planks":20,"minecraft:stick":8,"minecraft:wooden_pickaxe":1,"minecraft:stone_pickaxe":1,"minecraft:wooden_axe":1,"minecraft:cooked_salmon":4,"minecraft:spruce_boat":1,"minecraft:dark_oak_planks":4,"minecraft:stone_axe":1,"minecraft:air":0},"minecraft:mined":{"minecraft:smithing_table":1,"minecraft:dark_oak_planks":2,"minecraft:spruce_planks":5,"minecraft:white_bed":2,"minecraft:furnace":3,"minecraft:iron_ore":1,"minecraft:sweet_berry_bush":27,"minecraft:stripped_spruce_log":5,"minecraft:crafting_table":4,"minecraft:dark_oak_wood":1,"minecraft:blast_furnace":2,"minecraft:coal_ore":15,"minecraft:smooth_quartz":2,"minecraft:spruce_wood":16,"minecraft:spruce_leaves":3,"minecraft:stone":7,"minecraft:fern":2},"minecraft:custom":{"minecraft:time_since_rest":11016,"minecraft:interact_with_furnace":5,"minecraft:sprint_one_cm":91148,"minecraft:damage_taken":110,"minecraft:walk_one_cm":47329,"minecraft:mob_kills":3,"minecraft:damage_dealt":1128,"minecraft:interact_with_crafting_table":4,"minecraft:swim_one_cm":27847,"minecraft:talked_to_villager":1,"minecraft:fly_one_cm":119427,"minecraft:open_barrel":12,"minecraft:open_chest":10,"minecraft:crouch_one_cm":160,"minecraft:play_time":28611,"minecraft:sneak_time":54,"minecraft:walk_under_water_one_cm":6478,"minecraft:boat_one_cm":146607,"minecraft:jump":441,"minecraft:leave_game":1,"minecraft:time_since_death":28611,"minecraft:walk_on_water_one_cm":3265,"minecraft:sleep_in_bed":1,"minecraft:total_world_time":28611,"minecraft:fall_one_cm":7852}},"DataVersion":3465}