{"stats":{"minecraft:picked_up":{"minecraft:crafting_table":10,"minecraft:smithing_table":1,"minecraft:diamond_sword":2,"minecraft:oak_stairs":3,"minecraft:cornflower":1,"minecraft:string":31,"minecraft:cyan_carpet":48,"minecraft:spruce_planks":57,"minecraft:redstone_torch":2,"minecraft:poppy":2,"minecraft:smooth_quartz":55,"minecraft:furnace":3,"minecraft:raw_iron":1,"minecraft:torch":8,"minecraft:spruce_fence":5,"minecraft:note_block":1,"minecraft:dark_oak_planks":10,"minecraft:arrow":34,"minecraft:rotten_flesh":2,"minecraft:hay_block":5,"minecraft:cobblestone":9,"minecraft:enchanting_table":2,"minecraft:salmon":1,"minecraft:flint":1,"minecraft:wither_skeleton_skull":1,"minecraft:dirt":3,"minecraft:red_carpet":3,"minecraft:bone":66,"minecraft:wheat_seeds":1,"minecraft:spruce_wood":16,"minecraft:iron_ingot":7,"minecraft:oak_planks":4,"minecraft:book":84,"minecraft:sweet_berries":65,"minecraft:gravel":1,"minecraft:stripped_spruce_log":5,"minecraft:blast_furnace":2,"minecraft:white_bed":4,"minecraft:spider_eye":5,"minecraft:spruce_door":1,"minecraft:oak_wood":5,"minecraft:spruce_boat":6,"minecraft:dark_oak_wood":25,"minecraft:coal":56},"minecraft:dropped":{"minecraft:iron_ingot":16,"minecraft:bread":64,"minecraft:iron_sword":1,"minecraft:crafting_table":1,"travelersbackpack:iron_tier_upgrade":1,"minecraft:red_carpet":3,"minecraft:cornflower":1,"minecraft:smooth_quartz":7,"minecraft:iron_leggings":1,"minecraft:oak_stairs":1,"minecraft:dark_oak_planks":19,"minecraft:string":7,"minecraft:cyan_carpet":35,"minecraft:note_block":1,"minecraft:rotten_flesh":2,"minecraft:oak_planks":4,"minecraft:spruce_fence":1,"minecraft:chainmail_chestplate":1,"minecraft:diamond_sword":1,"minecraft:poppy":2,"minecraft:redstone_torch":1,"minecraft:spider_eye":2,"minecraft:enchanting_table":1},"minecraft:mined":{"minecraft:dark_oak_planks":10,"minecraft:red_carpet":2,"minecraft:spruce_planks":57,"minecraft:white_bed":4,"minecraft:spruce_fence":8,"minecraft:spruce_leaves":3,"minecraft:spawner":20,"minecraft:large_fern":1,"minecraft:hay_block":5,"minecraft:furnace":3,"minecraft:iron_ore":1,"minecraft:stripped_spruce_log":5,"minecraft:enchanting_table":2,"minecraft:bookshelf":28,"minecraft:oak_stairs":2,"minecraft:spruce_wood":16,"minecraft:stone":9,"minecraft:redstone_wall_torch":1,"minecraft:smithing_table":1,"minecraft:crafting_table":10,"minecraft:cornflower":1,"minecraft:note_block":1,"minecraft:dark_oak_wood":26,"minecraft:blast_furnace":2,"minecraft:oak_wood":6,"minecraft:birch_wood":1,"minecraft:oak_planks":5,"minecraft:wall_torch":2,"minecraft:spruce_stairs":3,"minecraft:sweet_berry_bush":28,"minecraft:coal_ore":21,"minecraft:gravel":2,"minecraft:cyan_carpet":10,"minecraft:dirt":3,"minecraft:smooth_quartz":54,"minecraft:cobweb":3,"minecraft:fern":2},"minecraft:broken":{"minecraft:stone_sword":1,"minecraft:iron_helmet":1},"minecraft:used":{"minecraft:stone_sword":131,"minecraft:spruce_planks":162,"minecraft:chest":1,"minecraft:shield":36,"minecraft:iron_sword":114,"minecraft:cooked_salmon":4,"minecraft:torch":78,"minecraft:spruce_boat":6,"minecraft:wooden_axe":25,"minecraft:dark_oak_planks":38,"minecraft:iron_axe":198,"minecraft:smooth_quartz":24,"minecraft:bow":166,"minecraft:sweet_berries":37,"minecraft:furnace":1,"minecraft:cooked_cod":1,"minecraft:golden_axe":14,"minecraft:water_bucket":9,"minecraft:spruce_door":1,"minecraft:stone_pickaxe":22,"minecraft:baked_potato":20,"minecraft:wooden_pickaxe":8,"minecraft:fletching_table":1,"minecraft:crafting_table":10,"minecraft:blast_furnace":1,"minecraft:white_bed":4,"minecraft:cod":1,"minecraft:bread":38,"minecraft:iron_pickaxe":83,"minecraft:stone_axe":11,"minecraft:diamond_sword":280,"minecraft:cobblestone":1,"minecraft:bucket":10},"minecraft:killed":{"minecraft:cave_spider":19,"minecraft:spider":20,"minecraft:skeleton":26,"minecraft:salmon":1,"minecraft:iron_golem":2,"minecraft:bat":1,"minecraft:pillager":1,"minecraft:zombie":3,"minecraft:wither_skeleton":50},"minecraft:custom":{"minecraft:mob_kills":126,"minecraft:interact_with_crafting_table":16,"minecraft:open_barrel":12,"minecraft:damage_dealt_resisted":12521,"minecraft:leave_game":2,"minecraft:time_since_death":141377,"minecraft:climb_one_cm":3340,"minecraft:sprint_one_cm":190630,"minecraft:walk_one_cm":368449,"minecraft:damage_blocked_by_shield":960,"minecraft:drop":26,"minecraft:play_noteblock":2,"minecraft:talked_to_villager":9,"minecraft:play_time":141377,"minecraft:sneak_time":2060,"minecraft:walk_under_water_one_cm":17040,"minecraft:boat_one_cm":146607,"minecraft:jump":1337,"minecraft:interact_with_blast_furnace":4,"minecraft:walk_on_water_one_cm":92069,"minecraft:total_world_time":141377,"minecraft:interact_with_furnace":5,"minecraft:traded_with_villager":9,"minecraft:sleep_in_bed":3,"minecraft:time_since_rest":71628,"minecraft:damage_taken":3335,"minecraft:damage_dealt":34655,"minecraft:swim_one_cm":41348,"minecraft:fly_one_cm":231790,"minecraft:open_chest":41,"minecraft:crouch_one_cm":2587,"minecraft:interact_with_smoker":5,"minecraft:fall_one_cm":15174},"minecraft:crafted":{"minecraft:oak_planks":20,"minecraft:bow":1,"minecraft:iron_axe":1,"minecraft:stone_pickaxe":1,"minecraft:chest":1,"minecraft:spruce_boat":1,"minecraft:dark_oak_planks":84,"minecraft:wheat":45,"minecraft:arrow":128,"minecraft:crafting_table":1,"minecraft:spruce_planks":148,"minecraft:wooden_pickaxe":1,"minecraft:baked_potato":23,"minecraft:iron_sword":1,"minecraft:spruce_door":3,"minecraft:cooked_salmon":4,"minecraft:fletching_table":1,"minecraft:bucket":1,"minecraft:stone_axe":1,"minecraft:bread":15,"minecraft:air":0,"minecraft:shield":1,"minecraft:stick":40,"minecraft:iron_ingot":1,"minecraft:wooden_axe":1,"minecraft:stone_sword":1,"minecraft:iron_leggings":1,"minecraft:torch":124}},"DataVersion":3465}