{"stats":{"minecraft:broken":{"minecraft:chainmail_leggings":1,"minecraft:stone_sword":1,"minecraft:iron_chestplate":1,"minecraft:iron_axe":1,"minecraft:iron_helmet":1,"minecraft:diamond_sword":1},"minecraft:killed_by":{"minecraft:wither_skeleton":1},"minecraft:crafted":{"minecraft:golden_carrot":36,"minecraft:grindstone":1,"minecraft:cookie":144,"minecraft:oak_planks":180,"minecraft:furnace":1,"minecraft:stone":3,"minecraft:bookshelf":21,"minecraft:suspicious_stew":6,"minecraft:diamond_helmet":1,"minecraft:iron_boots":1,"minecraft:bow":1,"minecraft:iron_axe":2,"minecraft:stone_pickaxe":1,"minecraft:chest":2,"minecraft:spruce_boat":2,"minecraft:dark_oak_planks":152,"minecraft:wheat":45,"minecraft:crimson_planks":36,"minecraft:oak_slab":6,"minecraft:diamond_sword":1,"minecraft:arrow":128,"minecraft:diamond_axe":1,"minecraft:crafting_table":5,"minecraft:spruce_planks":204,"minecraft:baked_potato":23,"minecraft:wooden_pickaxe":2,"minecraft:iron_sword":1,"minecraft:spruce_door":3,"minecraft:cooked_salmon":4,"minecraft:fletching_table":1,"minecraft:bucket":1,"minecraft:birch_planks":64,"minecraft:stone_axe":2,"minecraft:bread":111,"minecraft:air":0,"minecraft:apple":64,"minecraft:white_wool":3,"minecraft:golden_apple":16,"minecraft:diamond_pickaxe":2,"minecraft:shield":2,"minecraft:stick":68,"minecraft:stone_slab":6,"minecraft:iron_ingot":38,"minecraft:iron_block":3,"minecraft:wooden_axe":1,"minecraft:stone_sword":1,"minecraft:gold_ingot":54,"minecraft:iron_leggings":2,"minecraft:anvil":1,"minecraft:white_bed":1,"minecraft:torch":124,"minecraft:diamond_chestplate":1},"minecraft:dropped":{"minecraft:iron_ingot":16,"minecraft:bread":64,"minecraft:iron_sword":1,"minecraft:diamond_axe":1,"minecraft:wheat_seeds":2,"minecraft:baked_potato":3,"minecraft:crafting_table":2,"travelersbackpack:iron_tier_upgrade":1,"minecraft:chainmail_helmet":1,"minecraft:red_carpet":3,"minecraft:stick":2,"minecraft:golden_carrot":35,"minecraft:cornflower":1,"minecraft:crimson_roots":5,"minecraft:rose_bush":1,"minecraft:smooth_quartz":16,"minecraft:dead_bush":1,"minecraft:iron_leggings":2,"minecraft:oak_stairs":3,"minecraft:sugar":2,"minecraft:string":23,"minecraft:dark_oak_planks":74,"minecraft:cyan_carpet":112,"minecraft:bone":5,"minecraft:note_block":1,"minecraft:kelp":1,"minecraft:sweet_berries":5,"minecraft:cobbled_deepslate":7,"minecraft:experience_bottle":54,"minecraft:rotten_flesh":4,"minecraft:oak_planks":68,"minecraft:iron_boots":1,"minecraft:spruce_fence":5,"minecraft:flint_and_steel":1,"minecraft:suspicious_stew":6,"minecraft:chainmail_chestplate":2,"minecraft:diamond_sword":3,"minecraft:poppy":2,"minecraft:shield":1,"minecraft:flower_pot":1,"artifacts:steadfast_spikes":1,"minecraft:chainmail_boots":2,"minecraft:redstone_torch":1,"minecraft:spider_eye":4,"minecraft:wooden_pickaxe":1,"minecraft:magma_block":1,"minecraft:dark_prismarine":1,"minecraft:enchanting_table":1,"minecraft:egg":1},"minecraft:mined":{"minecraft:dark_oak_planks":23,"minecraft:dark_prismarine":1,"minecraft:red_carpet":2,"minecraft:spruce_planks":70,"minecraft:white_bed":4,"minecraft:deepslate_diamond_ore":17,"minecraft:nether_bricks":4,"minecraft:obsidian":1,"minecraft:spruce_trapdoor":3,"minecraft:potted_dead_bush":1,"minecraft:grass_block":1,"minecraft:spruce_fence":19,"minecraft:cracked_polished_blackstone_bricks":5,"minecraft:spruce_leaves":8,"minecraft:crimson_stem":8,"minecraft:spawner":44,"minecraft:polished_blackstone_bricks":30,"minecraft:large_fern":1,"minecraft:hay_block":5,"minecraft:magma_block":1,"minecraft:furnace":3,"minecraft:iron_ore":26,"minecraft:fire":4,"minecraft:stripped_spruce_log":5,"minecraft:deepslate_lapis_ore":12,"minecraft:gold_block":26,"minecraft:enchanting_table":2,"minecraft:bookshelf":33,"minecraft:oak_stairs":2,"minecraft:spruce_wood":30,"minecraft:stone":30,"minecraft:redstone_wall_torch":1,"minecraft:smithing_table":2,"minecraft:blackstone":9,"minecraft:crimson_nylium":12,"minecraft:crafting_table":17,"minecraft:cornflower":1,"minecraft:note_block":1,"minecraft:dark_oak_wood":45,"minecraft:blast_furnace":3,"minecraft:oak_wood":6,"minecraft:rose_bush":1,"minecraft:nether_quartz_ore":1,"minecraft:tall_grass":3,"minecraft:cobblestone":10,"minecraft:birch_wood":30,"minecraft:oak_planks":5,"minecraft:wall_torch":2,"minecraft:spruce_stairs":3,"minecraft:cyan_wool":1,"minecraft:birch_planks":15,"minecraft:warped_nylium":4,"minecraft:sweet_berry_bush":29,"minecraft:grass":5,"minecraft:oak_log":40,"minecraft:coal_ore":21,"minecraft:gravel":2,"minecraft:cyan_carpet":35,"minecraft:dirt":12,"minecraft:smooth_quartz":109,"minecraft:cobweb":4,"minecraft:netherrack":846,"minecraft:deepslate":2,"minecraft:fern":2},"minecraft:picked_up":{"minecraft:wheat":1,"minecraft:crafting_table":17,"minecraft:chainmail_boots":2,"minecraft:flower_pot":1,"minecraft:smithing_table":2,"minecraft:diamond_sword":8,"minecraft:oak_stairs":3,"minecraft:gold_block":30,"minecraft:cornflower":1,"minecraft:string":177,"minecraft:blackstone":6,"minecraft:cyan_carpet":140,"minecraft:cobbled_deepslate":7,"bosses_of_mass_destruction:soul_star":1,"minecraft:spruce_planks":70,"minecraft:rose_bush":2,"minecraft:redstone_torch":2,"minecraft:cyan_wool":1,"minecraft:poppy":2,"minecraft:smooth_quartz":80,"minecraft:egg":1,"minecraft:furnace":3,"minecraft:raw_iron":58,"minecraft:torch":12,"minecraft:note_block":1,"minecraft:spruce_fence":8,"minecraft:polished_blackstone_bricks":26,"minecraft:dark_oak_planks":23,"minecraft:arrow":85,"minecraft:rotten_flesh":20,"minecraft:hay_block":5,"minecraft:blaze_rod":1,"minecraft:obsidian":1,"minecraft:cobblestone":40,"minecraft:enchanting_table":2,"minecraft:magma_block":1,"minecraft:crimson_stem":9,"minecraft:salmon":1,"minecraft:birch_planks":15,"minecraft:flint":1,"minecraft:oak_log":48,"minecraft:chainmail_chestplate":1,"minecraft:wither_skeleton_skull":2,"minecraft:lapis_lazuli":81,"minecraft:dirt":8,"minecraft:red_carpet":3,"minecraft:bone":194,"minecraft:kelp":1,"minecraft:wheat_seeds":9,"minecraft:birch_wood":17,"minecraft:spruce_wood":30,"minecraft:iron_ingot":10,"minecraft:oak_planks":64,"minecraft:book":87,"minecraft:oak_slab":6,"minecraft:sweet_berries":70,"artifacts:rooted_boots":1,"minecraft:gravel":1,"minecraft:stripped_spruce_log":5,"minecraft:blast_furnace":3,"minecraft:white_bed":4,"minecraft:dead_bush":1,"minecraft:spruce_door":1,"minecraft:spider_eye":25,"minecraft:dark_prismarine":1,"minecraft:oak_wood":5,"minecraft:sugar":2,"minecraft:diamond":16,"minecraft:spruce_boat":9,"minecraft:cracked_polished_blackstone_bricks":7,"minecraft:diamond_axe":1,"minecraft:warped_nylium":6,"minecraft:crimson_roots":5,"minecraft:netherrack":505,"minecraft:dark_oak_wood":42,"minecraft:coal":95,"minecraft:ender_pearl":6},"minecraft:custom":{"minecraft:interact_with_smithing_table":1,"minecraft:interact_with_anvil":3,"minecraft:mob_kills":521,"minecraft:interact_with_crafting_table":38,"minecraft:open_barrel":22,"minecraft:damage_dealt_resisted":33449,"minecraft:leave_game":5,"minecraft:time_since_death":137098,"minecraft:climb_one_cm":7291,"minecraft:sprint_one_cm":595239,"minecraft:walk_one_cm":1058677,"minecraft:damage_blocked_by_shield":3025,"minecraft:drop":87,"minecraft:play_noteblock":2,"minecraft:talked_to_villager":19,"minecraft:play_time":368608,"minecraft:deaths":1,"minecraft:sneak_time":6941,"minecraft:walk_under_water_one_cm":35461,"minecraft:boat_one_cm":365570,"minecraft:jump":4881,"minecraft:interact_with_blast_furnace":10,"minecraft:walk_on_water_one_cm":148927,"minecraft:enchant_item":9,"minecraft:total_world_time":368608,"minecraft:interact_with_furnace":12,"minecraft:traded_with_villager":67,"minecraft:tune_noteblock":4,"minecraft:interact_with_grindstone":4,"minecraft:sleep_in_bed":5,"minecraft:time_since_rest":84322,"minecraft:damage_taken":11722,"minecraft:damage_absorbed":134,"minecraft:damage_dealt":161101,"minecraft:player_kills":3,"minecraft:swim_one_cm":47220,"minecraft:fly_one_cm":795846,"minecraft:open_chest":122,"minecraft:crouch_one_cm":11604,"minecraft:interact_with_smoker":5,"minecraft:fall_one_cm":89022},"minecraft:killed":{"minecraft:cave_spider":96,"minecraft:witch":1,"minecraft:spider":105,"minecraft:skeleton":48,"minecraft:piglin_brute":3,"minecraft:magma_cube":2,"minecraft:piglin":1,"minecraft:zombie_villager":1,"minecraft:salmon":1,"minecraft:iron_golem":2,"minecraft:bat":1,"minecraft:hoglin":1,"minecraft:creeper":3,"minecraft:pillager":1,"minecraft:zombie":27,"minecraft:wither_skeleton":209,"minecraft:player":3,"minecraft:blaze":3,"minecraft:enderman":10},"minecraft:used":{"minecraft:enchanting_table":1,"minecraft:stone_sword":131,"minecraft:chest":2,"minecraft:spruce_planks":204,"minecraft:shield":81,"minecraft:iron_sword":114,"minecraft:cooked_salmon":4,"minecraft:netherrack":163,"minecraft:torch":78,"minecraft:dirt":5,"minecraft:anvil":1,"minecraft:spruce_boat":9,"minecraft:dark_oak_planks":88,"minecraft:wooden_axe":25,"minecraft:bookshelf":21,"minecraft:iron_axe":313,"minecraft:smooth_quartz":42,"minecraft:crimson_planks":1,"minecraft:golden_carrot":28,"minecraft:bow":223,"minecraft:sweet_berries":37,"minecraft:furnace":2,"minecraft:cooked_cod":1,"minecraft:golden_axe":14,"minecraft:water_bucket":94,"minecraft:spruce_door":1,"minecraft:birch_planks":78,"minecraft:stone_pickaxe":22,"minecraft:baked_potato":20,"minecraft:wooden_pickaxe":18,"minecraft:diamond_axe":20,"minecraft:chainmail_helmet":1,"minecraft:fletching_table":1,"minecraft:golden_apple":4,"minecraft:crafting_table":17,"minecraft:blast_furnace":2,"minecraft:white_bed":5,"minecraft:cod":1,"minecraft:diamond_pickaxe":966,"minecraft:bread":153,"minecraft:iron_pickaxe":216,"minecraft:stone_axe":73,"minecraft:diamond_sword":2069,"minecraft:cobblestone":16,"minecraft:grindstone":1,"minecraft:bucket":95,"minecraft:experience_bottle":64}},"DataVersion":3465}