{"stats":{"minecraft:broken":{"minecraft:iron_chestplate":1,"minecraft:diamond_sword":1,"minecraft:chainmail_leggings":1,"minecraft:stone_sword":1,"minecraft:iron_axe":1,"minecraft:iron_helmet":1},"minecraft:killed_by":{"minecraft:wither_skeleton":1,"minecraft:player":1},"minecraft:crafted":{"minecraft:grindstone":1,"minecraft:oak_planks":180,"minecraft:blaze_powder":14,"minecraft:stone":3,"minecraft:bookshelf":21,"minecraft:suspicious_stew":6,"minecraft:diamond_helmet":1,"minecraft:bow":2,"minecraft:iron_boots":1,"minecraft:chest":2,"minecraft:ender_eye":13,"minecraft:oak_slab":6,"minecraft:arrow":320,"minecraft:diamond_axe":1,"minecraft:crafting_table":5,"minecraft:spruce_planks":204,"minecraft:wooden_pickaxe":2,"minecraft:baked_potato":23,"minecraft:spruce_door":3,"minecraft:fletching_table":2,"minecraft:birch_planks":64,"minecraft:apple":64,"minecraft:diamond_pickaxe":2,"minecraft:shield":2,"minecraft:stick":72,"minecraft:stone_slab":6,"minecraft:iron_ingot":38,"minecraft:iron_block":3,"minecraft:stone_sword":1,"minecraft:gold_ingot":315,"minecraft:golden_carrot":36,"minecraft:cookie":144,"minecraft:furnace":1,"minecraft:iron_axe":2,"minecraft:stone_pickaxe":1,"minecraft:spruce_boat":2,"minecraft:dark_oak_planks":152,"minecraft:wheat":45,"minecraft:crimson_planks":36,"minecraft:diamond_sword":1,"minecraft:iron_sword":1,"minecraft:cooked_salmon":4,"minecraft:bucket":1,"minecraft:stone_axe":2,"minecraft:bread":111,"minecraft:air":0,"minecraft:white_wool":3,"minecraft:golden_apple":49,"minecraft:wooden_axe":1,"minecraft:iron_leggings":2,"minecraft:anvil":1,"minecraft:white_bed":1,"minecraft:torch":124,"minecraft:diamond_chestplate":1},"minecraft:dropped":{"minecraft:iron_sword":1,"minecraft:diamond_axe":1,"minecraft:lapis_lazuli":27,"minecraft:baked_potato":3,"minecraft:crafting_table":2,"minecraft:warped_roots":3,"travelersbackpack:iron_tier_upgrade":1,"minecraft:red_carpet":3,"minecraft:dirt":2,"minecraft:cornflower":1,"minecraft:crimson_roots":5,"minecraft:sugar":2,"minecraft:dark_oak_planks":74,"minecraft:cyan_carpet":122,"minecraft:bone":5,"minecraft:gravel":15,"minecraft:note_block":1,"minecraft:blackstone":6,"minecraft:cobbled_deepslate":7,"minecraft:rotten_flesh":5,"minecraft:oak_planks":72,"minecraft:chainmail_chestplate":2,"minecraft:poppy":2,"minecraft:chainmail_boots":2,"minecraft:arrow":64,"minecraft:netherrack":2,"minecraft:enchanting_table":1,"minecraft:egg":2,"minecraft:water_bucket":1,"minecraft:iron_ingot":16,"minecraft:bread":64,"minecraft:wheat_seeds":4,"minecraft:cobblestone":2,"minecraft:chainmail_helmet":1,"minecraft:stick":2,"minecraft:golden_carrot":55,"artifacts:obsidian_skull":1,"minecraft:rose_bush":1,"minecraft:smooth_quartz":16,"minecraft:iron_door":1,"minecraft:iron_leggings":2,"minecraft:dead_bush":1,"minecraft:oak_stairs":3,"minecraft:string":25,"minecraft:sweet_berries":5,"minecraft:kelp":1,"minecraft:experience_bottle":54,"minecraft:iron_boots":1,"minecraft:spruce_fence":5,"minecraft:suspicious_stew":6,"minecraft:flint_and_steel":1,"minecraft:diamond_sword":5,"minecraft:shield":1,"minecraft:flower_pot":1,"artifacts:steadfast_spikes":1,"minecraft:mossy_stone_bricks":1,"minecraft:golden_sword":1,"minecraft:redstone_torch":1,"minecraft:spider_eye":4,"minecraft:bow":2,"minecraft:wooden_pickaxe":1,"minecraft:magma_block":1,"minecraft:dark_prismarine":1},"minecraft:mined":{"minecraft:dark_oak_planks":23,"minecraft:spruce_planks":70,"minecraft:white_bed":4,"minecraft:obsidian":1,"minecraft:spruce_trapdoor":3,"minecraft:potted_dead_bush":1,"minecraft:grass_block":1,"minecraft:cracked_polished_blackstone_bricks":5,"minecraft:spawner":45,"minecraft:polished_blackstone_bricks":30,"minecraft:magma_block":1,"minecraft:iron_ore":26,"minecraft:fire":4,"minecraft:deepslate_lapis_ore":12,"minecraft:enchanting_table":2,"minecraft:oak_stairs":2,"minecraft:spruce_wood":30,"minecraft:blackstone":9,"minecraft:crimson_nylium":22,"minecraft:note_block":1,"minecraft:dark_oak_wood":45,"minecraft:blast_furnace":3,"minecraft:nether_quartz_ore":1,"minecraft:cobblestone":10,"minecraft:birch_wood":30,"minecraft:oak_planks":9,"minecraft:damaged_anvil":1,"minecraft:iron_door":1,"minecraft:wall_torch":3,"minecraft:cyan_wool":1,"minecraft:warped_nylium":4,"minecraft:grass":6,"minecraft:oak_log":40,"minecraft:smooth_quartz":109,"minecraft:dirt":15,"minecraft:netherrack":933,"minecraft:oak_leaves":5,"minecraft:deepslate":2,"minecraft:dark_prismarine":1,"minecraft:red_carpet":2,"minecraft:deepslate_diamond_ore":17,"minecraft:end_stone":4,"minecraft:nether_bricks":4,"minecraft:spruce_fence":19,"minecraft:crimson_roots":4,"minecraft:spruce_leaves":8,"minecraft:crimson_stem":8,"minecraft:large_fern":1,"minecraft:hay_block":5,"minecraft:furnace":3,"minecraft:stripped_spruce_log":5,"minecraft:gold_block":26,"minecraft:bookshelf":33,"minecraft:stone":30,"minecraft:redstone_wall_torch":1,"minecraft:smithing_table":3,"minecraft:crafting_table":18,"minecraft:cornflower":1,"minecraft:oak_wood":6,"minecraft:rose_bush":1,"minecraft:tall_grass":3,"minecraft:spruce_stairs":3,"minecraft:birch_planks":15,"minecraft:sweet_berry_bush":29,"minecraft:birch_leaves":1,"minecraft:coal_ore":21,"minecraft:cyan_carpet":35,"minecraft:gravel":23,"minecraft:cracked_stone_bricks":3,"minecraft:cobweb":7,"minecraft:stone_bricks":6,"minecraft:mossy_stone_bricks":4,"minecraft:fern":2},"minecraft:picked_up":{"minecraft:wheat":1,"minecraft:chainmail_boots":2,"minecraft:flower_pot":1,"minecraft:diamond_sword":10,"minecraft:smithing_table":2,"minecraft:oak_stairs":3,"minecraft:golden_sword":1,"minecraft:string":179,"minecraft:cobbled_deepslate":7,"bosses_of_mass_destruction:soul_star":1,"minecraft:spruce_planks":70,"minecraft:redstone_torch":2,"minecraft:rose_bush":2,"minecraft:ender_eye":11,"minecraft:smooth_quartz":80,"minecraft:furnace":3,"minecraft:stick":1,"minecraft:torch":13,"minecraft:spruce_stairs":1,"minecraft:porkchop":23,"minecraft:rotten_flesh":21,"minecraft:blaze_rod":10,"minecraft:obsidian":1,"minecraft:cobblestone":40,"minecraft:enchanting_table":2,"minecraft:magma_block":1,"minecraft:water_bucket":1,"minecraft:iron_door":1,"minecraft:flint":3,"minecraft:wither_skeleton_skull":2,"minecraft:lapis_lazuli":108,"minecraft:dirt":10,"minecraft:bone":194,"minecraft:bow":2,"minecraft:wheat_seeds":9,"minecraft:birch_wood":17,"minecraft:mossy_stone_bricks":4,"minecraft:oak_planks":68,"artifacts:rooted_boots":1,"minecraft:stripped_spruce_log":5,"minecraft:dead_bush":1,"minecraft:dark_prismarine":1,"minecraft:sugar":2,"minecraft:diamond":16,"minecraft:spruce_boat":9,"minecraft:cracked_polished_blackstone_bricks":7,"minecraft:emerald":11,"minecraft:netherrack":585,"minecraft:crimson_roots":5,"minecraft:crafting_table":18,"minecraft:gold_block":30,"minecraft:cornflower":1,"minecraft:cyan_carpet":214,"minecraft:blackstone":12,"minecraft:cracked_stone_bricks":3,"minecraft:cyan_wool":1,"minecraft:poppy":2,"minecraft:egg":2,"minecraft:raw_iron":58,"minecraft:end_stone":4,"minecraft:spruce_fence":8,"minecraft:note_block":1,"minecraft:polished_blackstone_bricks":26,"minecraft:dark_oak_planks":23,"minecraft:arrow":85,"minecraft:hay_block":5,"minecraft:crimson_stem":9,"minecraft:salmon":1,"minecraft:birch_planks":15,"minecraft:oak_log":48,"minecraft:chainmail_chestplate":1,"minecraft:red_carpet":3,"minecraft:stone_bricks":4,"minecraft:kelp":1,"minecraft:spruce_wood":30,"minecraft:iron_ingot":10,"minecraft:book":87,"minecraft:oak_slab":6,"artifacts:obsidian_skull":1,"minecraft:sweet_berries":70,"minecraft:gravel":16,"minecraft:blast_furnace":3,"minecraft:white_bed":4,"minecraft:dragon_egg":1,"minecraft:spider_eye":25,"minecraft:spruce_door":1,"minecraft:oak_wood":5,"minecraft:diamond_axe":1,"minecraft:warped_roots":3,"minecraft:damaged_anvil":1,"minecraft:warped_nylium":9,"minecraft:dark_oak_wood":42,"minecraft:coal":95,"minecraft:ender_pearl":14},"minecraft:custom":{"minecraft:interact_with_crafting_table":42,"minecraft:open_barrel":22,"minecraft:leave_game":5,"minecraft:time_since_death":286,"minecraft:sprint_one_cm":703950,"minecraft:damage_blocked_by_shield":3125,"minecraft:drop":113,"minecraft:play_noteblock":2,"minecraft:talked_to_villager":21,"minecraft:play_time":416608,"minecraft:deaths":2,"minecraft:jump":5746,"minecraft:walk_on_water_one_cm":155741,"minecraft:enchant_item":12,"minecraft:interact_with_furnace":12,"minecraft:traded_with_villager":79,"minecraft:sleep_in_bed":7,"minecraft:damage_dealt":170572,"minecraft:player_kills":3,"minecraft:crouch_one_cm":12517,"minecraft:interact_with_smoker":5,"minecraft:interact_with_smithing_table":1,"minecraft:mob_kills":553,"minecraft:interact_with_anvil":4,"minecraft:damage_dealt_resisted":33449,"minecraft:climb_one_cm":8134,"minecraft:walk_one_cm":1172097,"minecraft:sneak_time":7839,"minecraft:walk_under_water_one_cm":45520,"minecraft:boat_one_cm":381049,"minecraft:interact_with_blast_furnace":10,"minecraft:total_world_time":416608,"minecraft:tune_noteblock":4,"minecraft:interact_with_grindstone":4,"minecraft:time_since_rest":360,"minecraft:damage_absorbed":134,"minecraft:damage_taken":13175,"minecraft:swim_one_cm":117841,"minecraft:fly_one_cm":1491205,"minecraft:open_chest":134,"minecraft:fall_one_cm":117020},"minecraft:killed":{"minecraft:cave_spider":96,"minecraft:witch":1,"minecraft:spider":105,"minecraft:skeleton":48,"minecraft:silverfish":4,"minecraft:piglin_brute":3,"minecraft:magma_cube":2,"minecraft:piglin":5,"minecraft:zombie_villager":1,"minecraft:salmon":1,"minecraft:iron_golem":2,"minecraft:ender_dragon":1,"minecraft:creeper":3,"minecraft:pillager":1,"minecraft:zombie":28,"minecraft:blaze":3,"minecraft:bat":1,"minecraft:hoglin":8,"minecraft:wither_skeleton":209,"minecraft:player":3,"minecraft:enderman":23},"minecraft:used":{"minecraft:chest":2,"minecraft:shield":82,"minecraft:iron_sword":114,"minecraft:spruce_boat":9,"minecraft:bow":281,"minecraft:sweet_berries":37,"minecraft:furnace":2,"minecraft:cooked_cod":1,"minecraft:spruce_door":1,"minecraft:stone_pickaxe":22,"minecraft:ender_pearl":1,"minecraft:wooden_pickaxe":18,"minecraft:chainmail_helmet":1,"minecraft:diamond_axe":20,"minecraft:golden_apple":4,"minecraft:blast_furnace":2,"minecraft:bread":184,"minecraft:diamond_sword":2184,"minecraft:grindstone":1,"minecraft:experience_bottle":64,"minecraft:enchanting_table":1,"minecraft:stone_sword":131,"minecraft:spruce_planks":204,"minecraft:cooked_salmon":4,"minecraft:netherrack":258,"minecraft:torch":79,"minecraft:dirt":5,"minecraft:anvil":1,"minecraft:wooden_axe":25,"minecraft:dark_oak_planks":88,"minecraft:bookshelf":21,"minecraft:iron_axe":319,"minecraft:smooth_quartz":42,"minecraft:crimson_planks":1,"minecraft:golden_carrot":28,"minecraft:golden_axe":14,"minecraft:water_bucket":96,"minecraft:birch_planks":78,"minecraft:baked_potato":20,"minecraft:fletching_table":2,"minecraft:crafting_table":17,"minecraft:white_bed":5,"minecraft:cod":1,"minecraft:ender_eye":24,"minecraft:diamond_pickaxe":1083,"minecraft:diamond_shovel":24,"minecraft:iron_pickaxe":216,"minecraft:stone_axe":73,"minecraft:cobblestone":16,"minecraft:bucket":97}},"DataVersion":3465}