{"stats":{"minecraft:broken":{"minecraft:chainmail_leggings":1,"minecraft:stone_sword":1,"minecraft:iron_chestplate":1,"minecraft:iron_axe":1,"minecraft:iron_helmet":1,"minecraft:diamond_sword":1},"minecraft:killed_by":{"minecraft:wither_skeleton":1},"minecraft:crafted":{"minecraft:oak_planks":180,"minecraft:bookshelf":21,"minecraft:diamond_helmet":1,"minecraft:iron_boots":1,"minecraft:bow":1,"minecraft:iron_axe":2,"minecraft:stone_pickaxe":1,"minecraft:chest":2,"minecraft:spruce_boat":2,"minecraft:dark_oak_planks":152,"minecraft:wheat":45,"minecraft:arrow":128,"minecraft:crafting_table":5,"minecraft:spruce_planks":204,"minecraft:baked_potato":23,"minecraft:wooden_pickaxe":2,"minecraft:iron_sword":1,"minecraft:spruce_door":3,"minecraft:cooked_salmon":4,"minecraft:fletching_table":1,"minecraft:bucket":1,"minecraft:birch_planks":64,"minecraft:stone_axe":2,"minecraft:bread":15,"minecraft:air":0,"minecraft:white_wool":3,"minecraft:diamond_pickaxe":1,"minecraft:shield":1,"minecraft:stick":60,"minecraft:iron_ingot":1,"minecraft:wooden_axe":1,"minecraft:stone_sword":1,"minecraft:iron_leggings":2,"minecraft:white_bed":1,"minecraft:torch":124,"minecraft:diamond_chestplate":1},"minecraft:dropped":{"minecraft:iron_ingot":16,"minecraft:bread":64,"minecraft:iron_sword":1,"minecraft:baked_potato":3,"minecraft:crafting_table":2,"travelersbackpack:iron_tier_upgrade":1,"minecraft:red_carpet":3,"minecraft:stick":2,"minecraft:golden_carrot":3,"minecraft:cornflower":1,"minecraft:rose_bush":1,"minecraft:smooth_quartz":16,"minecraft:dead_bush":1,"minecraft:iron_leggings":2,"minecraft:oak_stairs":3,"minecraft:sugar":2,"minecraft:string":23,"minecraft:dark_oak_planks":74,"minecraft:cyan_carpet":112,"minecraft:bone":5,"minecraft:note_block":1,"minecraft:kelp":1,"minecraft:sweet_berries":5,"minecraft:cobbled_deepslate":7,"minecraft:experience_bottle":54,"minecraft:rotten_flesh":3,"minecraft:oak_planks":68,"minecraft:iron_boots":1,"minecraft:spruce_fence":5,"minecraft:chainmail_chestplate":1,"minecraft:diamond_sword":3,"minecraft:poppy":2,"minecraft:flower_pot":1,"minecraft:chainmail_boots":2,"minecraft:redstone_torch":1,"minecraft:spider_eye":2,"minecraft:wooden_pickaxe":1,"minecraft:dark_prismarine":1,"minecraft:enchanting_table":1},"minecraft:mined":{"minecraft:dark_oak_planks":23,"minecraft:dark_prismarine":1,"minecraft:red_carpet":2,"minecraft:spruce_planks":70,"minecraft:white_bed":4,"minecraft:deepslate_diamond_ore":17,"minecraft:obsidian":1,"minecraft:spruce_trapdoor":3,"minecraft:potted_dead_bush":1,"minecraft:grass_block":1,"minecraft:spruce_fence":19,"minecraft:spruce_leaves":8,"minecraft:spawner":44,"minecraft:large_fern":1,"minecraft:hay_block":5,"minecraft:furnace":3,"minecraft:iron_ore":1,"minecraft:stripped_spruce_log":5,"minecraft:deepslate_lapis_ore":12,"minecraft:gold_block":1,"minecraft:enchanting_table":2,"minecraft:bookshelf":33,"minecraft:oak_stairs":2,"minecraft:spruce_wood":30,"minecraft:stone":28,"minecraft:redstone_wall_torch":1,"minecraft:smithing_table":2,"minecraft:crafting_table":17,"minecraft:cornflower":1,"minecraft:note_block":1,"minecraft:dark_oak_wood":45,"minecraft:blast_furnace":3,"minecraft:oak_wood":6,"minecraft:rose_bush":1,"minecraft:birch_wood":30,"minecraft:oak_planks":5,"minecraft:wall_torch":2,"minecraft:spruce_stairs":3,"minecraft:cyan_wool":1,"minecraft:birch_planks":15,"minecraft:sweet_berry_bush":29,"minecraft:oak_log":40,"minecraft:coal_ore":21,"minecraft:gravel":2,"minecraft:cyan_carpet":35,"minecraft:dirt":12,"minecraft:smooth_quartz":109,"minecraft:cobweb":4,"minecraft:deepslate":2,"minecraft:fern":2},"minecraft:picked_up":{"minecraft:crafting_table":17,"minecraft:chainmail_boots":2,"minecraft:flower_pot":1,"minecraft:smithing_table":2,"minecraft:diamond_sword":8,"minecraft:oak_stairs":3,"minecraft:gold_block":1,"minecraft:cornflower":1,"minecraft:string":177,"minecraft:cyan_carpet":140,"minecraft:cobbled_deepslate":7,"bosses_of_mass_destruction:soul_star":1,"minecraft:spruce_planks":70,"minecraft:rose_bush":2,"minecraft:redstone_torch":2,"minecraft:cyan_wool":1,"minecraft:poppy":2,"minecraft:smooth_quartz":80,"minecraft:furnace":3,"minecraft:raw_iron":1,"minecraft:torch":12,"minecraft:note_block":1,"minecraft:spruce_fence":8,"minecraft:dark_oak_planks":23,"minecraft:arrow":85,"minecraft:rotten_flesh":13,"minecraft:hay_block":5,"minecraft:obsidian":1,"minecraft:cobblestone":28,"minecraft:enchanting_table":2,"minecraft:salmon":1,"minecraft:birch_planks":15,"minecraft:flint":1,"minecraft:oak_log":48,"minecraft:wither_skeleton_skull":2,"minecraft:lapis_lazuli":81,"minecraft:dirt":8,"minecraft:red_carpet":3,"minecraft:bone":194,"minecraft:kelp":1,"minecraft:wheat_seeds":1,"minecraft:birch_wood":17,"minecraft:spruce_wood":30,"minecraft:iron_ingot":10,"minecraft:oak_planks":64,"minecraft:book":87,"minecraft:sweet_berries":70,"minecraft:gravel":1,"minecraft:stripped_spruce_log":5,"minecraft:blast_furnace":3,"minecraft:white_bed":4,"minecraft:dead_bush":1,"minecraft:spruce_door":1,"minecraft:spider_eye":23,"minecraft:dark_prismarine":1,"minecraft:oak_wood":5,"minecraft:sugar":2,"minecraft:diamond":16,"minecraft:spruce_boat":9,"minecraft:dark_oak_wood":42,"minecraft:coal":95},"minecraft:custom":{"minecraft:interact_with_smithing_table":1,"minecraft:interact_with_anvil":1,"minecraft:mob_kills":491,"minecraft:interact_with_crafting_table":28,"minecraft:open_barrel":22,"minecraft:damage_dealt_resisted":33449,"minecraft:leave_game":5,"minecraft:time_since_death":77098,"minecraft:climb_one_cm":6822,"minecraft:sprint_one_cm":472605,"minecraft:walk_one_cm":847920,"minecraft:damage_blocked_by_shield":3025,"minecraft:drop":64,"minecraft:play_noteblock":2,"minecraft:talked_to_villager":9,"minecraft:play_time":308608,"minecraft:deaths":1,"minecraft:sneak_time":6014,"minecraft:walk_under_water_one_cm":34346,"minecraft:boat_one_cm":365570,"minecraft:jump":3535,"minecraft:interact_with_blast_furnace":5,"minecraft:walk_on_water_one_cm":147227,"minecraft:enchant_item":2,"minecraft:total_world_time":308608,"minecraft:interact_with_furnace":6,"minecraft:traded_with_villager":9,"minecraft:tune_noteblock":4,"minecraft:sleep_in_bed":5,"minecraft:time_since_rest":24322,"minecraft:damage_taken":8926,"minecraft:damage_absorbed":14,"minecraft:damage_dealt":151128,"minecraft:player_kills":2,"minecraft:swim_one_cm":47220,"minecraft:fly_one_cm":582603,"minecraft:open_chest":104,"minecraft:crouch_one_cm":8402,"minecraft:interact_with_smoker":5,"minecraft:fall_one_cm":48192},"minecraft:killed":{"minecraft:cave_spider":96,"minecraft:witch":1,"minecraft:spider":104,"minecraft:skeleton":47,"minecraft:zombie_villager":1,"minecraft:salmon":1,"minecraft:iron_golem":2,"minecraft:bat":1,"minecraft:creeper":3,"minecraft:pillager":1,"minecraft:zombie":19,"minecraft:wither_skeleton":209,"minecraft:player":2},"minecraft:used":{"minecraft:enchanting_table":1,"minecraft:stone_sword":131,"minecraft:chest":2,"minecraft:spruce_planks":196,"minecraft:shield":81,"minecraft:iron_sword":114,"minecraft:cooked_salmon":4,"minecraft:torch":78,"minecraft:dirt":5,"minecraft:spruce_boat":9,"minecraft:dark_oak_planks":88,"minecraft:wooden_axe":25,"minecraft:bookshelf":21,"minecraft:iron_axe":312,"minecraft:smooth_quartz":42,"minecraft:golden_carrot":8,"minecraft:bow":223,"minecraft:sweet_berries":37,"minecraft:furnace":1,"minecraft:cooked_cod":1,"minecraft:golden_axe":14,"minecraft:water_bucket":86,"minecraft:spruce_door":1,"minecraft:birch_planks":78,"minecraft:stone_pickaxe":22,"minecraft:baked_potato":20,"minecraft:wooden_pickaxe":18,"minecraft:chainmail_helmet":1,"minecraft:fletching_table":1,"minecraft:golden_apple":1,"minecraft:crafting_table":17,"minecraft:blast_furnace":1,"minecraft:white_bed":5,"minecraft:cod":1,"minecraft:diamond_pickaxe":2,"minecraft:bread":137,"minecraft:iron_pickaxe":206,"minecraft:stone_axe":73,"minecraft:diamond_sword":1917,"minecraft:cobblestone":16,"minecraft:bucket":87,"minecraft:experience_bottle":64}},"DataVersion":3465}