{"stats":{"minecraft:killed":{"minecraft:cave_spider":7,"minecraft:salmon":1,"minecraft:spider":8,"minecraft:iron_golem":2,"minecraft:bat":1,"minecraft:skeleton":13,"minecraft:pillager":1,"minecraft:zombie":2,"minecraft:wither_skeleton":8},"minecraft:picked_up":{"minecraft:enchanting_table":1,"minecraft:crafting_table":10,"minecraft:salmon":1,"minecraft:smithing_table":1,"minecraft:oak_stairs":1,"minecraft:flint":1,"minecraft:wither_skeleton_skull":1,"minecraft:cornflower":1,"minecraft:dirt":3,"minecraft:string":14,"minecraft:red_carpet":3,"minecraft:bone":23,"minecraft:cyan_carpet":15,"minecraft:wheat_seeds":1,"minecraft:spruce_planks":46,"minecraft:spruce_wood":16,"minecraft:iron_ingot":7,"minecraft:poppy":2,"minecraft:smooth_quartz":43,"minecraft:furnace":3,"minecraft:book":60,"minecraft:raw_iron":1,"minecraft:sweet_berries":65,"minecraft:torch":6,"minecraft:gravel":1,"minecraft:note_block":1,"minecraft:spruce_fence":3,"minecraft:stripped_spruce_log":5,"minecraft:blast_furnace":2,"minecraft:white_bed":4,"minecraft:spider_eye":5,"minecraft:spruce_door":1,"minecraft:oak_wood":5,"minecraft:dark_oak_planks":4,"minecraft:arrow":17,"minecraft:rotten_flesh":2,"minecraft:spruce_boat":6,"minecraft:hay_block":5,"minecraft:dark_oak_wood":25,"minecraft:coal":45,"minecraft:cobblestone":9},"minecraft:used":{"minecraft:water_bucket":3,"minecraft:stone_sword":131,"minecraft:spruce_door":1,"minecraft:stone_pickaxe":22,"minecraft:baked_potato":20,"minecraft:shield":24,"minecraft:chest":1,"minecraft:spruce_planks":119,"minecraft:wooden_pickaxe":8,"minecraft:iron_sword":43,"minecraft:fletching_table":1,"minecraft:cooked_salmon":4,"minecraft:torch":44,"minecraft:crafting_table":10,"minecraft:blast_furnace":1,"minecraft:white_bed":4,"minecraft:cod":1,"minecraft:spruce_boat":6,"minecraft:dark_oak_planks":5,"minecraft:wooden_axe":25,"minecraft:iron_axe":154,"minecraft:bread":5,"minecraft:iron_pickaxe":57,"minecraft:smooth_quartz":24,"minecraft:stone_axe":11,"minecraft:cobblestone":1,"minecraft:bow":76,"minecraft:sweet_berries":37,"minecraft:furnace":1,"minecraft:cooked_cod":1,"minecraft:bucket":4,"minecraft:golden_axe":14},"minecraft:crafted":{"minecraft:oak_planks":20,"minecraft:arrow":128,"minecraft:crafting_table":1,"minecraft:spruce_planks":148,"minecraft:wooden_pickaxe":1,"minecraft:baked_potato":23,"minecraft:iron_sword":1,"minecraft:spruce_door":3,"minecraft:cooked_salmon":4,"minecraft:fletching_table":1,"minecraft:bucket":1,"minecraft:stone_axe":1,"minecraft:bread":15,"minecraft:air":0,"minecraft:bow":1,"minecraft:shield":1,"minecraft:iron_axe":1,"minecraft:stick":20,"minecraft:iron_ingot":1,"minecraft:stone_pickaxe":1,"minecraft:wooden_axe":1,"minecraft:stone_sword":1,"minecraft:chest":1,"minecraft:iron_leggings":1,"minecraft:spruce_boat":1,"minecraft:dark_oak_planks":84,"minecraft:torch":44,"minecraft:wheat":45},"minecraft:mined":{"minecraft:dark_oak_planks":4,"minecraft:smithing_table":1,"minecraft:spruce_planks":42,"minecraft:white_bed":4,"minecraft:cornflower":1,"minecraft:note_block":1,"minecraft:crafting_table":10,"minecraft:dark_oak_wood":26,"minecraft:blast_furnace":2,"minecraft:oak_wood":6,"minecraft:spruce_fence":3,"minecraft:birch_wood":1,"minecraft:spruce_leaves":3,"minecraft:wall_torch":2,"minecraft:spruce_stairs":1,"minecraft:spawner":10,"minecraft:large_fern":1,"minecraft:hay_block":5,"minecraft:furnace":3,"minecraft:iron_ore":1,"minecraft:sweet_berry_bush":28,"minecraft:stripped_spruce_log":5,"minecraft:enchanting_table":1,"minecraft:bookshelf":20,"minecraft:coal_ore":21,"minecraft:cyan_carpet":4,"minecraft:gravel":2,"minecraft:dirt":3,"minecraft:smooth_quartz":39,"minecraft:cobweb":1,"minecraft:spruce_wood":16,"minecraft:stone":9,"minecraft:fern":2},"minecraft:broken":{"minecraft:stone_sword":1},"minecraft:custom":{"minecraft:interact_with_furnace":5,"minecraft:mob_kills":44,"minecraft:traded_with_villager":9,"minecraft:interact_with_crafting_table":16,"minecraft:open_barrel":12,"minecraft:damage_dealt_resisted":4721,"minecraft:leave_game":1,"minecraft:time_since_death":88611,"minecraft:sleep_in_bed":3,"minecraft:climb_one_cm":1876,"minecraft:time_since_rest":18862,"minecraft:sprint_one_cm":166343,"minecraft:damage_taken":1752,"minecraft:walk_one_cm":209788,"minecraft:damage_blocked_by_shield":740,"minecraft:drop":11,"minecraft:damage_dealt":12327,"minecraft:play_noteblock":2,"minecraft:talked_to_villager":9,"minecraft:swim_one_cm":41348,"minecraft:fly_one_cm":202633,"minecraft:open_chest":25,"minecraft:crouch_one_cm":2297,"minecraft:play_time":88611,"minecraft:sneak_time":1670,"minecraft:walk_under_water_one_cm":17040,"minecraft:boat_one_cm":146607,"minecraft:jump":999,"minecraft:interact_with_blast_furnace":4,"minecraft:walk_on_water_one_cm":64739,"minecraft:total_world_time":88611,"minecraft:interact_with_smoker":5,"minecraft:fall_one_cm":14212},"minecraft:dropped":{"minecraft:note_block":1,"minecraft:rotten_flesh":2,"minecraft:spruce_fence":1,"minecraft:red_carpet":3,"minecraft:cornflower":1,"minecraft:smooth_quartz":7,"minecraft:oak_stairs":1,"minecraft:spider_eye":2,"minecraft:string":7,"minecraft:cyan_carpet":2}},"DataVersion":3465}