{"stats":{"minecraft:killed":{"minecraft:cave_spider":7,"minecraft:salmon":1,"minecraft:spider":8,"minecraft:iron_golem":1,"minecraft:bat":1,"minecraft:skeleton":3,"minecraft:pillager":1,"minecraft:zombie":1},"minecraft:picked_up":{"minecraft:enchanting_table":1,"minecraft:crafting_table":8,"minecraft:salmon":1,"minecraft:smithing_table":1,"minecraft:oak_stairs":1,"minecraft:flint":1,"minecraft:cornflower":1,"minecraft:dirt":3,"minecraft:string":13,"minecraft:red_carpet":3,"minecraft:bone":3,"minecraft:cyan_carpet":3,"minecraft:wheat_seeds":1,"minecraft:spruce_planks":31,"minecraft:spruce_wood":16,"minecraft:iron_ingot":4,"minecraft:smooth_quartz":13,"minecraft:furnace":3,"minecraft:book":57,"minecraft:raw_iron":1,"minecraft:sweet_berries":65,"minecraft:torch":4,"minecraft:gravel":1,"minecraft:note_block":1,"minecraft:spruce_fence":1,"minecraft:stripped_spruce_log":5,"minecraft:blast_furnace":2,"minecraft:white_bed":4,"minecraft:spider_eye":5,"minecraft:spruce_door":1,"minecraft:oak_wood":5,"minecraft:dark_oak_planks":4,"minecraft:arrow":6,"minecraft:rotten_flesh":2,"minecraft:spruce_boat":6,"minecraft:hay_block":5,"minecraft:dark_oak_wood":3,"minecraft:coal":41,"minecraft:cobblestone":9},"minecraft:used":{"minecraft:stone_sword":90,"minecraft:spruce_door":1,"minecraft:stone_pickaxe":22,"minecraft:baked_potato":17,"minecraft:shield":23,"minecraft:chest":1,"minecraft:spruce_planks":89,"minecraft:wooden_pickaxe":8,"minecraft:cooked_salmon":4,"minecraft:torch":23,"minecraft:crafting_table":8,"minecraft:blast_furnace":1,"minecraft:white_bed":4,"minecraft:cod":1,"minecraft:spruce_boat":6,"minecraft:dark_oak_planks":5,"minecraft:wooden_axe":25,"minecraft:iron_axe":92,"minecraft:iron_pickaxe":22,"minecraft:stone_axe":11,"minecraft:cobblestone":1,"minecraft:bow":6,"minecraft:sweet_berries":37,"minecraft:furnace":1,"minecraft:cooked_cod":1,"minecraft:golden_axe":14},"minecraft:crafted":{"minecraft:oak_planks":20,"minecraft:crafting_table":1,"minecraft:spruce_planks":148,"minecraft:wooden_pickaxe":1,"minecraft:baked_potato":23,"minecraft:spruce_door":3,"minecraft:cooked_salmon":4,"minecraft:stone_axe":1,"minecraft:bread":15,"minecraft:air":0,"minecraft:bow":1,"minecraft:shield":1,"minecraft:iron_axe":1,"minecraft:stick":16,"minecraft:iron_ingot":1,"minecraft:stone_pickaxe":1,"minecraft:wooden_axe":1,"minecraft:stone_sword":1,"minecraft:chest":1,"minecraft:iron_leggings":1,"minecraft:spruce_boat":1,"minecraft:dark_oak_planks":12,"minecraft:torch":24,"minecraft:wheat":45},"minecraft:mined":{"minecraft:dark_oak_planks":4,"minecraft:smithing_table":1,"minecraft:spruce_planks":26,"minecraft:white_bed":4,"minecraft:cornflower":1,"minecraft:note_block":1,"minecraft:crafting_table":8,"minecraft:dark_oak_wood":3,"minecraft:blast_furnace":2,"minecraft:oak_wood":6,"minecraft:spruce_fence":2,"minecraft:spruce_leaves":3,"minecraft:spawner":6,"minecraft:large_fern":1,"minecraft:hay_block":5,"minecraft:furnace":3,"minecraft:iron_ore":1,"minecraft:sweet_berry_bush":28,"minecraft:stripped_spruce_log":5,"minecraft:enchanting_table":1,"minecraft:bookshelf":19,"minecraft:coal_ore":21,"minecraft:cyan_carpet":3,"minecraft:gravel":2,"minecraft:dirt":3,"minecraft:smooth_quartz":9,"minecraft:spruce_wood":16,"minecraft:stone":9,"minecraft:fern":2},"minecraft:custom":{"minecraft:interact_with_furnace":5,"minecraft:mob_kills":23,"minecraft:interact_with_crafting_table":14,"minecraft:open_barrel":12,"minecraft:damage_dealt_resisted":750,"minecraft:leave_game":1,"minecraft:time_since_death":64611,"minecraft:sleep_in_bed":2,"minecraft:climb_one_cm":1172,"minecraft:time_since_rest":31943,"minecraft:sprint_one_cm":125713,"minecraft:damage_taken":1419,"minecraft:walk_one_cm":124636,"minecraft:damage_blocked_by_shield":710,"minecraft:drop":11,"minecraft:damage_dealt":7324,"minecraft:play_noteblock":2,"minecraft:talked_to_villager":4,"minecraft:swim_one_cm":41348,"minecraft:fly_one_cm":152989,"minecraft:open_chest":17,"minecraft:crouch_one_cm":1110,"minecraft:play_time":64611,"minecraft:sneak_time":956,"minecraft:walk_under_water_one_cm":16845,"minecraft:boat_one_cm":146607,"minecraft:jump":757,"minecraft:interact_with_blast_furnace":3,"minecraft:walk_on_water_one_cm":54246,"minecraft:total_world_time":64611,"minecraft:interact_with_smoker":4,"minecraft:fall_one_cm":9465},"minecraft:dropped":{"minecraft:note_block":1,"minecraft:rotten_flesh":2,"minecraft:spruce_fence":1,"minecraft:red_carpet":3,"minecraft:cornflower":1,"minecraft:smooth_quartz":7,"minecraft:oak_stairs":1,"minecraft:spider_eye":2,"minecraft:string":7,"minecraft:cyan_carpet":2}},"DataVersion":3465}