{"stats":{"minecraft:killed":{"minecraft:pillager":4,"minecraft:zombie":1,"minecraft:vindicator":7},"minecraft:picked_up":{"minecraft:stripped_crimson_hyphae":3,"minecraft:stick":11,"minecraft:crafting_table":5,"minecraft:spruce_stairs":4,"minecraft:oak_stairs":1,"minecraft:spruce_sapling":18,"minecraft:white_bed":3,"minecraft:spruce_log":37,"minecraft:spider_eye":1,"minecraft:hay_block":31,"minecraft:emerald":4,"minecraft:oak_planks":1,"minecraft:furnace":1,"minecraft:cobblestone":6},"minecraft:used":{"minecraft:flint_and_steel":8,"minecraft:bread":26,"minecraft:iron_pickaxe":9,"minecraft:spruce_planks":33,"minecraft:iron_helmet":1,"minecraft:shield":9,"minecraft:iron_sword":52,"minecraft:spruce_sapling":18,"minecraft:stone_axe":57,"minecraft:crafting_table":5,"minecraft:white_bed":2,"minecraft:iron_leggings":1},"minecraft:killed_by":{"minecraft:vindicator":2},"minecraft:crafted":{"minecraft:crimson_planks":12,"minecraft:shield":1,"minecraft:crafting_table":1,"minecraft:spruce_planks":148,"minecraft:stick":8,"minecraft:iron_pickaxe":1,"minecraft:stone_axe":1,"minecraft:bread":93,"minecraft:wheat":279},"minecraft:mined":{"minecraft:hay_block":31,"minecraft:spruce_stairs":4,"minecraft:white_bed":3,"minecraft:furnace":1,"minecraft:fire":5,"minecraft:spruce_log":37,"minecraft:crafting_table":5,"minecraft:grass":1,"minecraft:stripped_crimson_hyphae":4,"minecraft:oak_stairs":1,"minecraft:packed_ice":1,"minecraft:spruce_leaves":12,"minecraft:stone":6,"minecraft:oak_planks":1,"minecraft:spawner":1},"minecraft:dropped":{"minecraft:cobblestone":3},"minecraft:custom":{"minecraft:time_since_rest":3202,"minecraft:sprint_one_cm":155219,"minecraft:damage_taken":1394,"minecraft:walk_one_cm":79004,"minecraft:damage_blocked_by_shield":225,"minecraft:mob_kills":13,"minecraft:drop":1,"minecraft:damage_dealt":3066,"minecraft:interact_with_crafting_table":7,"minecraft:swim_one_cm":107107,"minecraft:fly_one_cm":334383,"minecraft:open_barrel":14,"minecraft:open_chest":15,"minecraft:crouch_one_cm":2335,"minecraft:play_time":47527,"minecraft:deaths":2,"minecraft:sneak_time":1939,"minecraft:walk_under_water_one_cm":21608,"minecraft:jump":984,"minecraft:leave_game":3,"minecraft:time_since_death":14270,"minecraft:walk_on_water_one_cm":20320,"minecraft:sleep_in_bed":4,"minecraft:total_world_time":47527,"minecraft:climb_one_cm":860,"minecraft:damage_resisted":4,"minecraft:fall_one_cm":13390}},"DataVersion":3465}