{"stats":{"minecraft:picked_up":{"minecraft:stick":11,"minecraft:crafting_table":1,"minecraft:hay_block":15,"minecraft:spruce_sapling":18,"minecraft:spruce_log":37,"minecraft:cobblestone":6,"minecraft:furnace":1},"minecraft:used":{"minecraft:stone_axe":40,"minecraft:crafting_table":1,"minecraft:bread":5,"minecraft:iron_pickaxe":7,"minecraft:iron_helmet":1,"minecraft:spruce_sapling":18},"minecraft:crafted":{"minecraft:stone_axe":1,"minecraft:crafting_table":1,"minecraft:spruce_planks":12,"minecraft:stick":8,"minecraft:iron_pickaxe":1},"minecraft:mined":{"minecraft:hay_block":15,"minecraft:grass":1,"minecraft:furnace":1,"minecraft:spruce_leaves":12,"minecraft:spruce_log":37,"minecraft:stone":6,"minecraft:crafting_table":1},"minecraft:custom":{"minecraft:time_since_rest":10991,"minecraft:open_chest":7,"minecraft:crouch_one_cm":208,"minecraft:play_time":12956,"minecraft:sprint_one_cm":64192,"minecraft:damage_taken":35,"minecraft:walk_one_cm":28931,"minecraft:sneak_time":56,"minecraft:walk_under_water_one_cm":573,"minecraft:jump":297,"minecraft:walk_on_water_one_cm":772,"minecraft:leave_game":2,"minecraft:time_since_death":12956,"minecraft:sleep_in_bed":1,"minecraft:total_world_time":12956,"minecraft:swim_one_cm":5154,"minecraft:interact_with_crafting_table":4,"minecraft:fall_one_cm":6746,"minecraft:fly_one_cm":97740}},"DataVersion":3465}