{"stats":{"minecraft:picked_up":{"minecraft:stick":11,"minecraft:crafting_table":1,"minecraft:hay_block":31,"minecraft:spruce_sapling":18,"minecraft:spruce_log":37,"minecraft:cobblestone":6,"minecraft:furnace":1},"minecraft:used":{"minecraft:stone_axe":40,"minecraft:crafting_table":1,"minecraft:bread":8,"minecraft:spruce_planks":4,"minecraft:iron_pickaxe":7,"minecraft:iron_helmet":1,"minecraft:iron_leggings":1,"minecraft:spruce_sapling":18},"minecraft:crafted":{"minecraft:stone_axe":1,"minecraft:crafting_table":1,"minecraft:spruce_planks":148,"minecraft:stick":8,"minecraft:iron_pickaxe":1},"minecraft:mined":{"minecraft:hay_block":31,"minecraft:grass":1,"minecraft:furnace":1,"minecraft:spruce_leaves":12,"minecraft:spruce_log":37,"minecraft:stone":6,"minecraft:crafting_table":1},"minecraft:custom":{"minecraft:time_since_rest":10639,"minecraft:open_chest":9,"minecraft:crouch_one_cm":395,"minecraft:play_time":24956,"minecraft:sprint_one_cm":109731,"minecraft:damage_taken":51,"minecraft:walk_one_cm":42973,"minecraft:sneak_time":175,"minecraft:walk_under_water_one_cm":5549,"minecraft:jump":579,"minecraft:damage_resisted":4,"minecraft:walk_on_water_one_cm":7171,"minecraft:leave_game":2,"minecraft:time_since_death":24956,"minecraft:sleep_in_bed":2,"minecraft:total_world_time":24956,"minecraft:swim_one_cm":48046,"minecraft:interact_with_crafting_table":4,"minecraft:fall_one_cm":9939,"minecraft:fly_one_cm":199341}},"DataVersion":3465}