{"stats":{"minecraft:picked_up":{"minecraft:oak_log":1},"minecraft:custom":{"minecraft:jump":9,"minecraft:time_since_rest":16428,"minecraft:damage_taken":10,"minecraft:leave_game":1,"minecraft:crouch_one_cm":180,"minecraft:play_time":16428,"minecraft:sprint_one_cm":917,"minecraft:time_since_death":16428,"minecraft:walk_one_cm":1388,"minecraft:sneak_time":39,"minecraft:total_world_time":16428,"minecraft:fall_one_cm":602,"minecraft:fly_one_cm":1775},"minecraft:crafted":{"minecraft:oak_planks":4},"minecraft:mined":{"minecraft:oak_log":1,"minecraft:oak_leaves":1}},"DataVersion":3465}